id,nama_tempat,kategori,kabupaten,deskripsi,rating,harga_tiket_wni,harga_tiket_wna,jam_buka,aktivitas,latitude,longitude
1,Pantai Palasari,Pantai,Jembrana,"Pantai tersembunyi di dekat Waduk Palasari yang masih sangat sepi dan alami. Airnya tenang dengan pasir hitam bersih, dikelilingi pohon kelapa yang rindang. Belum banyak wisatawan yang mengetahui keberadaan pantai ini.",4.1,5000,10000,06.00-18.00,"Bersantai, berfoto, menikmati alam",-8.4021,114.6234
2,Air Terjun Tiu Kelep Jembrana,Alam,Jembrana,Air terjun kecil yang tersembunyi di hutan Jembrana dengan aliran air yang jernih dan segar. Jarang dikunjungi wisatawan sehingga suasananya masih sangat alami dan tenang.,4.2,10000,15000,07.00-17.00,"Trekking, berenang, berfoto",-8.3912,114.7105
3,Pura Rambut Siwi,Budaya,Jembrana,Pura Hindu sakral yang berdiri di atas tebing menghadap Selat Bali. Dipercaya menyimpan rambut suci Dang Hyang Nirartha. Pemandangan laut dari tebing sangat indah dan suasananya sangat spiritual.,4.5,20000,30000,07.00-17.00,"Wisata religi, berfoto, menikmati pemandangan laut",-8.5212,114.7042
4,Pantai Medewi,Pantai,Jembrana,"Pantai berpasir hitam yang sangat populer di kalangan peselancar internasional karena ombaknya yang panjang dan konsisten. Suasananya masih sangat alami dan sepi, jauh dari hiruk pikuk wisata Bali selatan.",4.4,0,0,06.00-18.00,"Surfing, bersantai, sunset viewing",-8.3836,114.8341
5,Taman Nasional Bali Barat,Alam,Jembrana,"Satu-satunya taman nasional di Bali yang menjadi habitat terakhir burung Jalak Bali yang hampir punah. Mencakup hutan tropis, savana, dan perairan laut yang kaya. Tersedia jalur trekking dan diving spektakuler.",4.4,25000,50000,07.00-17.00,"Trekking hutan, diving, snorkeling, bird watching",-8.1503,114.55
6,Pantai Banyupoh,Pantai,Buleleng,"Pantai hitam yang sangat sepi di Buleleng barat, jauh dari keramaian. Ombaknya tenang cocok untuk snorkeling. Masih sangat alami dengan suasana lokal yang autentik dan belum banyak wisatawan.",4.0,0,0,06.00-18.00,"Snorkeling, bersantai, menikmati suasana lokal",-8.1445,114.5891
7,Pura Dalem Jagaraga,Budaya,Buleleng,Pura kuno di Buleleng dengan relief ukiran batu yang sangat unik menggambarkan kehidupan masa kolonial Belanda termasuk gambar mobil dan pesawat terbang. Merupakan daya tarik seni ukir yang sangat berbeda dari pura lainnya di Bali.,4.3,20000,30000,08.00-17.00,"Wisata budaya, melihat ukiran relief unik, wisata sejarah",-8.1186,115.1697
8,Pura Beji Sangsit,Budaya,Buleleng,"Pura subak dengan ukiran batu pasir yang sangat halus dan rumit, dianggap sebagai salah satu karya seni ukir terbaik di Bali. Didedikasikan untuk Dewi Sri sebagai lambang kemakmuran dan kesuburan.",4.4,20000,30000,08.00-17.00,"Wisata budaya, melihat ukiran seni, berfoto",-8.1039,115.1282
9,Danau Tamblingan,Alam,Buleleng,"Danau suci yang dikelilingi hutan tropis lebat dan beberapa pura kuno di tepinya. Dapat dijelajahi dengan perahu tradisional. Suasananya sangat tenang, spiritual, dan magis. Belum terlalu ramai dikunjungi.",4.6,20000,30000,07.00-17.00,"Naik perahu, trekking hutan, wisata religi, berfoto, bird watching",-8.2449,115.1013
10,Air Terjun Aling Aling,Alam,Buleleng,"Kompleks air terjun bertingkat yang viral di media sosial karena menawarkan pengalaman natural water slide di bebatuan alami. Sangat unik dan berbeda dari air terjun biasa, sangat diminati wisatawan petualangan.",4.6,20000,30000,08.00-17.00,"Natural water slide, berenang, trekking, berfoto",-8.1815,115.0685
11,Air Panas Banjar,Alam,Buleleng,Pemandian air panas alami yang mengalir dari mulut naga batu dalam kolam bertingkat tradisional. Airnya yang hangat dan segar dipercaya berkhasiat untuk kesehatan kulit. Dikelilingi taman tropis yang asri.,4.4,30000,50000,08.00-18.00,"Berendam air panas, relaksasi, berfoto, wisata alam",-8.1736,114.9683
12,Air Terjun Gitgit,Alam,Buleleng,"Air terjun setinggi 35 meter yang dikelilingi hutan tropis lebat, merupakan salah satu air terjun paling mudah diakses di Bali. Trek menuju lokasi relatif ringan dan pemandangannya sangat indah.",4.3,15000,20000,08.00-17.00,"Trekking, berfoto, berenang di kolam alami",-8.2081,115.1299
13,Air Terjun Sekumpul,Alam,Buleleng,"Tujuh air terjun sekaligus di satu lembah hutan tropis yang lebat, dianggap sebagai air terjun paling indah di Bali. Memerlukan trekking 45 menit yang terbayar dengan panorama luar biasa. Viral di Instagram.",4.8,20000,30000,07.00-17.00,"Trekking, berfoto, berenang, menikmati alam tropis",-8.1673,115.1882
14,Pantai Pemuteran,Pantai,Buleleng,"Pantai tenang di Bali barat laut yang terkenal dengan program konservasi terumbu karang Biorock, sebuah program restorasi karang menggunakan arus listrik. Kaya biota laut dan sangat cocok untuk diving.",4.6,0,0,06.00-18.00,"Snorkeling, diving, konservasi terumbu karang, bersantai",-8.1216,114.5567
15,Pantai Lovina,Pantai,Buleleng,"Pantai berpasir hitam di Bali utara yang sangat terkenal dengan atraksi lumba-lumba liar di pagi hari. Dengan naik perahu tradisional, wisatawan bisa melihat lumba-lumba berenang bebas di habitat aslinya.",4.3,0,0,05.00-18.00,"Melihat lumba-lumba, snorkeling, berenang, sunrise viewing",-8.1574,115.026
16,Pantai Bias Tugel,Pantai,Karangasem,Pantai tersembunyi di dekat Pelabuhan Padangbai yang hanya bisa diakses dengan berjalan kaki 10 menit. Pasirnya putih bersih dan airnya sangat jernih berwarna biru toska. Masih sangat sepi dan alami.,4.6,10000,15000,07.00-18.00,"Berenang, snorkeling, berfoto, menikmati pantai sepi",-8.538,115.5067
17,Desa Wisata Tenganan,Budaya,Karangasem,Desa Bali Aga tertua yang masih mempertahankan tradisi leluhur pra-Hindu. Dikenal sebagai satu-satunya penghasil kain Geringsing yang langka menggunakan teknik tenun double ikat yang hanya ada di tiga tempat di dunia.,4.4,15000,25000,08.00-17.00,"Wisata budaya, melihat proses tenun kain Geringsing, belanja",-8.4884,115.581
18,Pantai Candidasa,Pantai,Karangasem,"Pantai yang tenang di pesisir timur Bali, cocok untuk snorkeling dan diving karena airnya yang jernih. Suasananya lebih santai dan alami dibandingkan pantai di Bali selatan, sangat cocok untuk relaksasi.",4.3,0,0,06.00-18.00,"Snorkeling, diving, bersantai, wisata budaya sekitar",-8.5069,115.5694
19,Pantai Virgin (Perasi),Pantai,Karangasem,Pantai tersembunyi yang masih sangat alami dan sepi di kawasan Karangasem barat. Pasir putihnya bersih dan air lautnya jernih. Sangat cocok untuk wisatawan yang mencari ketenangan jauh dari keramaian.,4.4,10000,15000,07.00-18.00,"Berenang, snorkeling, berfoto, bersantai",-8.4533,115.5987
20,Pantai Amed,Pantai,Karangasem,Pantai hitam di pesisir timur Bali yang sangat populer untuk diving dan snorkeling. Terdapat bangkai kapal USAT Liberty yang menjadi spot diving legendaris. Suasananya tenang dan pemandangan alam bawah lautnya sangat kaya.,4.6,0,0,06.00-18.00,"Diving, snorkeling di USAT Liberty, bersantai, sunrise viewing",-8.3484,115.653
21,Taman Ujung Istana Air,Budaya,Karangasem,"Istana air kerajaan Karangasem yang dibangun pada 1921 dengan kolam-kolam besar, jembatan indah, dan bangunan bergaya perpaduan Bali-Eropa yang megah. Menawarkan pemandangan indah ke Gunung Agung dan laut.",4.5,50000,75000,07.00-18.00,"Wisata sejarah, berfoto, menikmati arsitektur kerajaan",-8.5014,115.6018
22,Tirta Gangga,Budaya,Karangasem,"Taman air kerajaan dibangun tahun 1948 dengan kolam bertingkat, patung-patung khas Bali, dan air mancur yang sangat indah. Dikelilingi sawah hijau dengan latar Gunung Agung yang megah. Sangat Instagramable.",4.7,45000,90000,07.00-18.00,"Berfoto, berenang di kolam kerajaan, piknik, trekking",-8.4121,115.5765
23,Pura Lempuyang Gate of Heaven,Budaya,Karangasem,Pura Hindu kuno di kaki Gunung Lempuyang terkenal dengan gerbang Gate of Heaven menawarkan foto latar Gunung Agung yang epik. Satu dari destinasi foto paling viral di seluruh Asia. Wajib bangun pagi untuk antrean.,4.5,40000,70000,05.00-18.00,"Wisata religi, berfoto di gerbang surga, trekking, sunrise",-8.3932,115.6296
24,Pura Besakih,Budaya,Karangasem,"Pura terbesar dan tersuci di Bali, dikenal sebagai Ibu dari Semua Pura. Terletak di lereng Gunung Agung dan terdiri dari lebih dari 80 pura. Merupakan pusat keagamaan Hindu terpenting di Bali.",4.6,80000,150000,08.00-17.00,"Wisata religi, berfoto, trekking ringan, melihat Gunung Agung",-8.3741,115.453
25,Pura Goa Lawah,Budaya,Klungkung,Pura unik yang berdiri di mulut goa berisi ribuan kelelawar. Merupakan salah satu pura paling sakral di Bali yang dipercaya sebagai tempat bersemayam Naga Basuki. Pemandangan kelelawar keluar saat senja sangat dramatis.,4.3,15000,25000,07.00-17.00,"Wisata religi, melihat kelelawar, wisata budaya",-8.5541,115.4632
26,Kerta Gosa Klungkung,Budaya,Klungkung,Kompleks peradilan kerajaan Klungkung abad ke-18 yang terkenal dengan lukisan langit-langit bergaya Kamasan menggambarkan hukum karma. Merupakan situs sejarah terpenting Kerajaan Klungkung.,4.4,25000,50000,08.00-17.30,"Wisata sejarah, melihat lukisan tradisional, wisata budaya",-8.5394,115.4044
27,Tukad Unda River Tubing,Alam,Klungkung,Aktivitas wisata seru mengapung di atas ban menyusuri aliran Sungai Unda yang jernih dikelilingi pepohonan rindang. Sangat populer untuk wisata keluarga dan viral di media sosial sebagai aktivitas unik di Bali.,4.4,150000,200000,08.00-16.00,"River tubing, arung jeram ringan, berenang, berfoto di sungai",-8.549,115.4076
28,Crystal Bay Nusa Penida,Pantai,Klungkung,Pantai dengan air sangat jernih di Nusa Penida terkenal sebagai spot terbaik diving bersama ikan Mola-Mola raksasa pada musim Juli-Oktober. Dinding karang vertikal yang spektakuler menjadi daya tarik utama penyelam.,4.6,10000,15000,07.00-17.00,"Diving, snorkeling, berenang, berfoto",-8.7321,115.4416
29,Pantai Atuh Nusa Penida,Pantai,Klungkung,Pantai tersembunyi di Nusa Penida yang dapat diakses melalui tangga menuruni tebing kapur. Dikelilingi formasi batu karang raksasa dan air laut yang sangat jernih. Menjadi hidden gem yang viral di media sosial.,4.7,15000,20000,07.00-17.00,"Berenang, snorkeling, berfoto, menikmati hidden beach",-8.7684,115.5496
30,Bukit Teletubbies Nusa Penida,Alam,Klungkung,Perbukitan hijau bergelombang yang menyerupai latar belakang serial anak Teletubbies. Sangat viral di TikTok dan Instagram karena keunikan bentuk bukitnya yang seperti dari dunia fantasi. Pemandangan terbaik pagi hari.,4.5,10000,15000,06.00-18.00,"Berfoto, trekking, menikmati panorama perbukitan hijau",-8.6854,115.4889
31,Broken Beach Nusa Penida,Alam,Klungkung,Teluk melingkar alami yang terbentuk dari erosi batuan karang menciptakan pemandangan yang sangat unik dan dramatis. Ombak besar yang masuk melalui terowongan alami menambah dramatisme yang luar biasa.,4.7,10000,15000,07.00-17.00,"Berfoto, menikmati pemandangan alam, trekking",-8.9016,115.4606
32,Angels Billabong Nusa Penida,Alam,Klungkung,"Kolam alami yang terbentuk dari batuan karang di tepi laut Nusa Penida. Air di kolam ini jernih seperti kaca dan berwarna hijau toska, menjadikannya spot foto yang sangat viral di seluruh dunia.",4.6,10000,15000,07.00-17.00,"Berenang di kolam alami, berfoto, snorkeling",-8.9025,115.4583
33,Pantai Kelingking Nusa Penida,Pantai,Klungkung,Pantai tersembunyi dengan formasi tebing menyerupai T-Rex yang sangat ikonik dan paling viral di Bali. Pemandangan dari viewpoint atas tebing sangat spektakuler dengan air laut berwarna biru kehijauan yang memukau.,4.8,5000,5000,07.00-18.00,"Berfoto di viewpoint, trekking turun ke pantai, berenang",-8.875,115.4611
34,Pura Kehen Bangli,Budaya,Bangli,"Pura Hindu abad ke-11 yang terletak di atas bukit dengan 38 anak tangga menuju pintu masuk, dikelilingi pohon beringin raksasa berusia ratusan tahun. Merupakan pura negara Kerajaan Bangli yang sangat bersejarah.",4.5,30000,50000,08.00-17.00,"Wisata religi dan sejarah, berfoto, trekking tangga",-8.4541,115.3594
35,Tukad Cepung Waterfall,Alam,Bangli,Air terjun magis yang tersembunyi di dalam goa batu dengan sinar matahari yang masuk membentuk efek cahaya yang sangat dramatis dan sangat instagramable. Sangat viral di Instagram dan TikTok karena keindahan cahayanya.,4.7,20000,30000,08.00-17.00,"Berfoto dalam goa, trekking, berenang, efek cahaya dramatis",-8.4462,115.3607
36,Bali Twin Hills,Alam,Bangli,Spot wisata yang viral sejak awal 2025 dengan dua bukit yang tampak sejajar dan simetris seperti cermin alam. Pemandangan sunrise yang ganda dan dramatis menjadikannya trending di media sosial. Sering disebut Ranu Kumbolonya Bali.,4.6,25000,35000,05.00-17.00,"Sunrise hunting, berfoto, trekking ringan, menikmati panorama bukit",-8.3501,115.367
37,Pura Ulun Danu Batur,Budaya,Bangli,Pura terpenting kedua di Bali setelah Pura Besakih yang terletak di tepi Danau Batur. Kompleks pura ini memiliki 9 pura dengan arsitektur meru bertingkat yang indah dan bernilai spiritual sangat tinggi.,4.6,30000,50000,07.00-17.00,"Wisata religi, berfoto, menikmati pemandangan danau dan gunung",-8.2412,115.3748
38,Toya Devasya Hot Spring,Alam,Bangli,Pemandian air panas alami di tepi Danau Batur dengan pemandangan Gunung Batur yang memukau. Tersedia kolam renang dengan berbagai suhu air panas yang sangat cocok untuk relaksasi setelah pendakian.,4.5,125000,300000,08.00-18.00,"Berendam air panas, berenang, relaksasi, pemandangan danau",-8.2364,115.4041
39,Desa Wisata Penglipuran,Budaya,Bangli,"Desa adat Bali yang terkenal bersih dan rapi dengan tata ruang tradisional terjaga sempurna. Masuk dalam daftar desa terbersih di dunia, dikelilingi hutan bambu asri. Viral di media sosial karena arsitektur adatnya yang indah.",4.7,25000,50000,08.00-18.30,"Wisata budaya, berfoto, beli kerajinan, menyewa baju adat Bali",-8.4164,115.3603
40,Kintamani Gunung Danau Batur,Alam,Bangli,"Kawasan wisata alam dengan pemandangan spektakuler Gunung Batur aktif dan Danau Batur yang luas. Tersedia jalur pendakian, restoran dengan view kaldera, dan pengalaman memasak di panas bumi yang unik.",4.6,25000,50000,06.00-18.00,"Pendakian Gunung Batur, kuliner dengan view kaldera, bersepeda",-8.2436,115.3749
41,Air Terjun Blangsinga,Alam,Gianyar,Air terjun jernih mengalir deras di lembah hijau Gianyar. Akses mudah dan dekat dengan Ubud menjadikannya destinasi healing singkat yang favorit. Airnya sangat segar dan kolam alaminya nyaman untuk berenang.,4.5,20000,30000,08.00-17.00,"Berenang, berfoto, trekking ringan, menikmati alam",-8.5382,115.311
42,Air Terjun Kanto Lampo,Alam,Gianyar,Air terjun unik yang mengalir melewati bebatuan bertangga membentuk tirai air yang sangat fotogenik dan instagramable. Menjadi destinasi foto yang populer terutama di media sosial dan sering viral di TikTok.,4.5,20000,30000,08.00-17.00,"Berfoto, berenang, trekking ringan, menikmati alam",-8.5024,115.3447
43,Air Terjun Tegenungan,Alam,Gianyar,"Air terjun yang mudah diakses dekat Ubud dengan ketinggian 15 meter. Airnya segar dan deras, dikelilingi vegetasi hijau rimbun. Tersedia kolam renang alami yang sangat populer untuk wisatawan keluarga.",4.5,20000,30000,08.00-18.00,"Berenang, trekking, berfoto, menikmati alam",-8.5658,115.2857
44,Pura Gunung Kawi,Budaya,Gianyar,Situs purbakala berumur 1000 tahun yang diukir langsung ke dinding tebing setinggi 7 meter di lembah Sungai Pakerisan. Merupakan salah satu situs arkeologi terpenting dan paling dramatis di seluruh Bali.,4.6,50000,50000,08.00-18.00,"Wisata sejarah arkeologi, berfoto di situs purbakala, trekking",-8.4229,115.3158
45,Museum Agung Rai ARMA,Budaya,Gianyar,Museum seni terbesar di Bali yang menampilkan koleksi lukisan tradisional dan kontemporer dari seniman Bali dan internasional. Kompleks museum asri dikelilingi taman tropis yang indah di jantung Ubud.,4.5,100000,100000,09.00-18.00,"Melihat koleksi lukisan, wisata seni budaya, berfoto di taman",-8.5177,115.2651
46,Goa Gajah,Budaya,Gianyar,Situs arkeologi bersejarah abad ke-9 dengan goa meditasi bergambar ukiran wajah raksasa sebagai pintu masuk. Terdapat kolam pemandian kuno dan relief-relief batu yang sangat menarik dari masa kerajaan.,4.3,30000,50000,08.00-17.00,"Wisata budaya dan sejarah, berfoto, meditasi",-8.5244,115.2874
47,Hidden Canyon Beji Guwang,Alam,Gianyar,"Ngarai tersembunyi yang terbentuk dari erosi alami ribuan tahun lalu di aliran Sungai Guwang, Sukawati. Sangat viral di TikTok dan Instagram. Wisatawan menyusuri sungai sepanjang 3,5 km dengan pemandu lokal.",4.7,10000,17000,08.00-16.00,"Canyon trekking, menyusuri sungai, berfoto di ngarai, petualangan",-8.5783,115.293
48,Pura Tirta Empul,Budaya,Gianyar,Pura Hindu dengan mata air suci yang dipercaya memiliki khasiat penyembuhan. Wisatawan dapat menyaksikan atau ikut ritual melukat pembersihan diri di kolam pemandian suci yang sangat spiritual dan autentik.,4.7,50000,50000,07.00-17.00,"Ritual melukat, wisata budaya, berfoto, meditasi",-8.4153,115.3159
49,Taman Dedari Ubud,Budaya,Gianyar,Restoran dan taman budaya viral di media sosial dengan patung-patung khas Bali yang megah di tepi Sungai Ayung. Perpaduan nuansa spiritual Bali dengan pemandangan alam yang dramatis menjadi daya tarik utama.,4.5,0,0,08.00-21.00,"Makan siang malam, berfoto di taman patung, wisata budaya, view sungai",-8.4851,115.2481
50,Pasar Seni Sukawati,Kuliner & Belanja,Gianyar,"Pasar seni tradisional terbesar di Bali yang menjual berbagai kerajinan tangan, kain, lukisan, dan oleh-oleh khas Bali dengan harga sangat terjangkau. Pengunjung bisa menawar harga. Wajib dikunjungi pecinta oleh-oleh.",4.1,0,0,07.00-18.00,"Belanja kerajinan, tawar-menawar, kuliner, wisata budaya",-8.5838,115.2851
51,Alas Harum Bali,Taman Hiburan,Gianyar,"Destinasi wisata sangat viral di TikTok dan Instagram dengan ayunan ekstrem setinggi 25 meter di atas lembah sawah Tegalalang. Dilengkapi wahana sky bike, flying fox 300 meter, ATV, coffe luwak, dan berbagai spot foto unik.",4.6,50000,50000,07.00-19.00,"Extreme swing, sky bike, flying fox, ATV, berfoto instagramable, kuliner",-8.4278,115.2796
52,Puri Saren Ubud,Budaya,Gianyar,Istana kerajaan Ubud yang masih berfungsi sebagai kediaman keluarga kerajaan sekaligus panggung pertunjukan Tari Kecak dan Legong setiap malam. Arsitektur tradisional Bali yang sangat autentik dan bersejarah.,4.5,0,0,08.00-20.00,"Pertunjukan tari Bali, wisata budaya, berfoto, belanja kerajinan",-8.5069,115.2624
53,Sawah Terasering Tegalalang,Alam,Gianyar,"Pemandangan sawah bertingkat yang menakjubkan di lembah Tegalalang, Ubud. Sistem irigasi tradisional subak diakui sebagai Warisan Budaya Dunia UNESCO. Sangat viral di Instagram dan menjadi ikon pariwisata Bali.",4.6,50000,50000,07.00-18.00,"Berfoto, trekking di sawah, ayunan swing, ATV, kuliner sawah",-8.4312,115.2792
54,Monkey Forest Ubud,Alam,Gianyar,"Hutan suci seluas 12,5 hektar dihuni lebih dari 700 ekor monyet liar dengan tiga pura suci di dalamnya. Perpaduan unik antara alam dan budaya Bali yang wajib dikunjungi. Salah satu destinasi terpopuler di Ubud.",4.5,100000,100000,08.30-18.00,"Berinteraksi dengan monyet, wisata alam, wisata budaya, berfoto",-8.5188,115.2598
55,Bali Safari Marine Park,Taman Hiburan,Gianyar,Taman safari dan wahana terbesar di Bali menggabungkan pengalaman safari melihat satwa liar dari dekat dengan atraksi budaya Bali. Pernah meraih Indonesia Award Winning Theme Park. Favorit wisata keluarga.,4.4,225000,350000,09.00-17.00,"Safari hewan, pertunjukan hewan, wahana, edukasi satwa, tram tour",-8.5864,115.306
56,Pantai Yeh Gangga,Pantai,Tabanan,Pantai berpasir hitam yang tenang dan sepi di pesisir selatan Tabanan. Jauh dari keramaian wisata dengan suasana lokal yang autentik. Tempat yang sempurna untuk menikmati sunset dengan nuansa Bali yang sesungguhnya.,4.3,0,0,06.00-18.00,"Bersantai, sunset viewing, berfoto, menikmati suasana lokal Bali",-8.5887,115.0552
57,Pantai Nyanyi,Pantai,Tabanan,Pantai tersembunyi berpasir hitam di Tabanan yang masih sangat sepi dan alami. Suasananya tenang dengan pemandangan sunset yang sangat indah dan hamparan sawah di sekitarnya yang menciptakan panorama khas Bali barat.,4.4,5000,10000,06.00-18.00,"Bersantai, sunset viewing, berfoto, menikmati ketenangan alam",-8.5573,115.0386
58,Air Terjun Leke Leke,Alam,Tabanan,Air terjun cantik di Tabanan yang dikelilingi pepohonan tropis dengan kolam alami berwarna hijau toska. Perjalanan menuju air terjun melewati jembatan gantung yang menambah pengalaman petualangan yang seru.,4.5,25000,35000,08.00-17.00,"Berenang, trekking, berfoto, jembatan gantung, alam tropis",-8.4812,115.1472
59,Museum Subak Tabanan,Budaya,Tabanan,"Museum yang mendokumentasikan sistem irigasi tradisional Bali, Subak, yang telah diakui sebagai Warisan Budaya Dunia UNESCO. Menyimpan koleksi alat pertanian tradisional dan sejarah pertanian Bali yang lengkap.",4.2,20000,30000,08.00-16.00,"Wisata edukasi, melihat koleksi alat pertanian tradisional, wisata budaya",-8.4831,115.1217
60,Air Terjun Banyumala,Alam,Tabanan,"Air terjun kembar yang indah tersembunyi di hutan tropis Wanagiri. Airnya segar dan jernih, dikelilingi pepohonan lebat menciptakan suasana alam yang menakjubkan. Kolam alaminya sangat nyaman untuk berenang.",4.6,20000,30000,07.00-17.00,"Berenang di kolam alami, trekking, berfoto, menikmati alam",-8.1902,115.0933
61,Jatiluwih Rice Terrace,Alam,Tabanan,"Hamparan sawah terasering terluas di Bali diakui sebagai Warisan Budaya Dunia UNESCO. Pemandangan sawah hijau berlatar Gunung Batukaru sangat memukau dan autentik, lebih tenang dibanding Tegalalang yang lebih komersial.",4.7,40000,50000,07.00-18.00,"Trekking di sawah, bersepeda, berfoto, wisata budaya subak",-8.3667,115.1239
62,Pura Luhur Batukaru,Budaya,Tabanan,"Salah satu dari enam pura utama di Bali yang terletak di kaki Gunung Batukaru, dikelilingi hutan tropis yang lebat. Suasananya sangat spiritual dan tenang, jauh dari keramaian. Udara sejuk dan pemandangan sangat indah.",4.5,30000,50000,08.00-17.00,"Wisata religi, trekking hutan, meditasi, berfoto di alam hutan",-8.3769,115.0898
63,The Blooms Garden,Taman Hiburan,Tabanan,Taman bunga terbesar di Bali viral di Instagram dan TikTok dengan kincir angin khas Eropa dan hamparan bunga warna-warni di dataran tinggi Baturiti. Pemandangan tiga gunung sekaligus menjadi latar yang sangat epik.,4.5,30000,50000,08.00-18.00,"Berfoto di taman bunga, ATV, paintball, camping, pemandangan gunung",-8.2668,115.1534
64,Kebun Raya Bedugul,Alam,Tabanan,Kebun raya terluas di Bali di dataran tinggi Bedugul dengan koleksi ribuan jenis tanaman tropis. Suasana sejuk dan hijau sangat cocok untuk piknik keluarga. Terdapat Bali Treetop Adventure Park di dalamnya.,4.4,30000,50000,08.00-17.00,"Piknik, edukasi alam, jogging, berfoto, treetop adventure",-8.2739,115.1664
65,Pura Ulun Danu Beratan,Budaya,Tabanan,"Pura megah yang berdiri di atas Danau Beratan di kawasan Bedugul. Dikelilingi pegunungan hijau dan udara sejuk, pura ini menjadi salah satu pemandangan paling ikonik di Bali dan wajah uang Rp50.000.",4.8,50000,75000,07.00-18.00,"Wisata budaya, berfoto, naik perahu, menikmati udara sejuk",-8.2754,115.1676
66,Pura Tanah Lot,Budaya,Tabanan,"Pura Hindu di atas batu karang di tengah laut, menjadi ikon paling terkenal di Bali. Pemandangan sunset di sini sangat memukau dan menjadi spot foto favorit wisatawan dari seluruh dunia. Wajib kunjungi saat sore hari.",4.7,30000,75000,07.00-19.00,"Wisata budaya, sunset viewing, berfoto, Tari Kecak",-8.621,115.0866
67,Pasar Badung Denpasar,Kuliner & Belanja,Denpasar,"Pasar tradisional terbesar di Bali yang menjual berbagai kebutuhan dari bahan makanan segar, bumbu masak, buah, hingga perlengkapan upacara Hindu. Wisatawan dapat merasakan suasana pasar Bali yang sangat autentik.",4.0,0,0,04.00-18.00,"Belanja bahan makanan segar, kuliner tradisional, wisata budaya",-8.6584,115.2105
68,Museum Bali Denpasar,Budaya,Denpasar,"Museum tertua di Bali yang menyimpan koleksi benda bersejarah, artefak, pakaian adat, dan kesenian tradisional Bali sejak zaman prasejarah hingga masa kerajaan. Arsitektur museumnya sendiri sudah sangat menarik.",4.2,20000,50000,07.30-15.30,"Wisata edukasi, melihat koleksi artefak Bali, wisata sejarah",-8.6628,115.2121
69,Taman Budaya Bali Art Center,Budaya,Denpasar,"Pusat kesenian dan kebudayaan Bali yang menjadi venue utama Pesta Kesenian Bali setiap bulan Juni-Juli. Memiliki berbagai fasilitas pertunjukan seni, galeri, dan taman. Gratis masuk di hari biasa.",4.4,0,0,08.00-17.00,"Pertunjukan seni, pameran budaya, Pesta Kesenian Bali, wisata edukasi",-8.6623,115.2299
70,Monumen Bajra Sandhi,Budaya,Denpasar,Monumen kepahlawanan yang menceritakan perjuangan rakyat Bali mempertahankan kemerdekaan. Terletak di jantung kota Denpasar di Lapangan Puputan Renon dengan arsitektur berbentuk bajra yang sangat megah.,4.5,20000,50000,09.00-17.00,"Wisata sejarah, berfoto, edukasi sejarah Bali, sore santai di taman",-8.6654,115.2164
71,Bali Ocean Walker,Taman Hiburan,Denpasar,Aktivitas wisata unik yang viral di TikTok berupa berjalan di dasar laut dengan helm oksigen khusus di kedalaman 5 meter di kawasan Sanur. Pengunjung dapat berinteraksi langsung dengan ikan tropis dan terumbu karang.,4.5,400000,500000,08.00-17.00,"Berjalan di dasar laut, interaksi dengan ikan, foto bawah laut",-8.7032,115.2641
72,Pantai Sanur,Pantai,Denpasar,Pantai tenang dengan pasir putih lembut yang cocok untuk keluarga. Terkenal dengan sunrise yang indah dan jalur sepeda tepi pantai yang sangat populer. Tersedia berbagai aktivitas water sport dan kuliner tepi pantai.,4.6,0,0,05.00-21.00,"Sunrise viewing, bersepeda, water sport, kuliner tepi pantai, berenang",-8.6957,115.2627
73,Pantai Green Bowl,Pantai,Badung,Pantai tersembunyi di Bukit Ungasan yang sangat sepi dan alami. Harus menuruni sekitar 300 anak tangga untuk mencapainya. Airnya sangat jernih dan terdapat goa kelelawar di tebing sekitarnya yang unik.,4.5,15000,20000,07.00-18.00,"Berenang, snorkeling, berfoto, menjelajahi goa kelelawar",-8.8452,115.1694
74,Pantai Gunung Payung,Pantai,Badung,Pantai tersembunyi di kawasan Bukit Bali yang masih sangat alami dan sepi. Dikelilingi tebing kapur yang dramatis dengan air laut yang jernih dan biru. Mulai viral di media sosial sebagai hidden gem Bali selatan.,4.5,10000,15000,07.00-17.00,"Berenang, snorkeling, berfoto, menikmati pantai alami",-8.8393,115.1756
75,Pantai Balangan,Pantai,Badung,Pantai tersembunyi di kawasan Bukit Bali dengan pasir putih lembut dan ombak yang cocok untuk surfing. Suasananya masih relatif sepi dan alami dibandingkan pantai di Kuta. Sangat cocok untuk menikmati sunset.,4.6,5000,10000,06.00-18.00,"Surfing, berenang, berfoto, sunset viewing, bersantai",-8.8138,115.1178
76,Pantai Suluban Blue Point,Pantai,Badung,Pantai tersembunyi di kawasan Uluwatu yang hanya bisa diakses melalui lorong batu yang dramatis. Sangat populer di kalangan peselancar internasional karena ombaknya yang bagus. Pemandangan tebing sangat dramatis.,4.6,10000,15000,06.00-18.00,"Surfing, berfoto di tebing, berenang, sunset viewing",-8.817,115.0888
77,Pantai Bingin,Pantai,Badung,Pantai tersembunyi di kawasan Bukit Bali yang sangat populer di kalangan peselancar internasional. Dikenal dengan ombak barrel yang sempurna. Akses melalui anak tangga menuruni tebing yang cukup menantang.,4.6,10000,15000,06.00-18.00,"Surfing, berenang, berfoto, bersantai di tepi tebing",-8.8161,115.1082
78,Air Terjun Nungnung,Alam,Badung,Air terjun setinggi 50 meter yang megah di pedalaman Badung. Memerlukan trekking sekitar 500 anak tangga yang cukup menantang. Pemandangan air terjun yang deras di tengah hutan sangat spektakuler.,4.6,20000,30000,08.00-17.00,"Trekking, berfoto, berenang di kolam alami, menikmati alam",-8.4367,115.1983
79,Bukit Campuhan Ubud,Alam,Badung,Jalur trekking ikonik di Ubud melewati perbukitan hijau dengan pemandangan lembah yang memukau. Sangat populer untuk morning walk dan menikmati sunrise. Viral di Instagram karena keindahan alam yang autentik.,4.6,0,0,06.00-18.00,"Trekking, sunrise viewing, berfoto, meditasi, cycling",-8.4979,115.2494
80,Taman Ayun Pura Mengwi,Budaya,Badung,"Kompleks pura kerajaan Mengwi abad ke-17 yang dikelilingi kolam air seluas 1,5 hektar menciptakan kesan pura mengapung. Sangat indah dan fotogenik terutama saat pagi hari dengan kabut tipis di atas kolam.",4.6,30000,50000,08.00-18.00,"Wisata budaya, berfoto di pura mengapung, trekking taman, wisata religi",-8.5397,115.1726
81,Bali Swing Aloha Ubud,Taman Hiburan,Badung,Ayunan raksasa sangat viral di media sosial dengan ketinggian hingga 25 meter di atas lembah. Pemandangan alam Bali yang indah menjadi latar belakang foto yang sangat instagramable dan selalu ramai sepanjang tahun.,4.5,175000,175000,07.00-18.00,"Bali Swing ekstrem, berfoto instagramable, sky bike, flying fox",-8.5218,115.2799
82,Pantai Karma Kandara,Pantai,Badung,Pantai tersembunyi mewah di Desa Ungasan dengan pasir putih lembut dan air laut sejernih kristal. Suasananya sangat tenang dan jauh dari keramaian. Cocok untuk wisatawan yang mencari pengalaman pantai premium Bali.,4.7,0,0,07.00-19.00,"Berenang, snorkeling, bersantai, beach club premium, sunset viewing",-8.8371,115.1495
83,Pantai Melasti,Pantai,Badung,Pantai indah di kawasan Ungasan dengan tebing kapur yang menjulang dan pasir putih bersih. Air lautnya jernih berwarna biru kehijauan. Kini dilengkapi TT Beach Club yang langsung viral saat dibuka pada 2024.,4.7,10000,15000,07.00-22.00,"Berenang, snorkeling, berfoto di tebing, beach club, sunset viewing",-8.8568,115.1437
84,Pantai Pandawa,Pantai,Badung,"Pantai tersembunyi dikenal sebagai pantai rahasia Bali, dikelilingi tebing kapur menjulang dengan ukiran tokoh Pandawa lima yang megah. Diakses melalui jalan berliku membelah tebing, menjadikan pengalaman sangat unik.",4.6,15000,20000,07.00-18.00,"Berenang, kayak, snorkeling, berfoto di tebing, bersantai",-8.8409,115.1888
85,Pantai Dreamland,Pantai,Badung,Pantai eksotis di kawasan Bukit Pecatu dengan ombak besar yang disukai peselancar. Dikelilingi tebing kapur putih yang menambah keindahan. Pemandangan sunset dari tebing sangat dramatis dan fotogenik.,4.4,10000,20000,07.00-18.00,"Surfing, berenang, berfoto, sunset viewing",-8.8191,115.1141
86,Pura Uluwatu,Budaya,Badung,Pura Hindu yang berdiri megah di atas tebing setinggi 70 meter dengan pemandangan Samudra Hindia yang menakjubkan. Terkenal dengan pertunjukan Tari Kecak saat matahari terbenam yang menjadi salah satu pertunjukan paling epik di dunia.,4.8,30000,50000,07.00-19.00,"Melihat Tari Kecak, berfoto, wisata budaya, menyaksikan sunset dari tebing",-8.8291,115.0849
87,Waterbom Bali,Taman Hiburan,Badung,Taman air terbesar dan terbaik di Asia Tenggara yang berlokasi di Kuta. Menawarkan berbagai wahana seru dari perosotan air ekstrem hingga kolam ombak. Telah memenangkan banyak penghargaan bertaraf internasional.,4.6,340000,560000,09.00-18.00,"Wahana air, perosotan ekstrem, kolam ombak, lazy river, kuliner",-8.7228,115.1727
88,Garuda Wisnu Kencana GWK,Taman Hiburan,Badung,"Taman budaya dengan patung Garuda Wisnu Kencana setinggi 121 meter, salah satu patung tertinggi di dunia. Menawarkan berbagai pertunjukan seni budaya Bali yang megah dan pemandangan alam dari atas bukit.",4.5,150000,250000,08.00-22.00,"Melihat patung raksasa, pertunjukan seni budaya, foto, festival budaya",-8.8103,115.1675
89,Pantai Nusa Dua,Pantai,Badung,Pantai mewah di kawasan resort eksklusif Nusa Dua dengan pasir putih bersih dan air laut tenang dan jernih. Cocok untuk keluarga yang ingin bersantai dan melakukan berbagai jenis water sport.,4.7,0,0,06.00-18.00,"Berenang, snorkeling, water sport, bersantai, berjemur",-8.8009,115.2317
90,Pantai Jimbaran,Pantai,Badung,Pantai tenang dengan pasir putih bersih yang sangat terkenal sebagai pusat kuliner seafood tepi pantai. Suasana romantis dengan meja makan di pinggir pantai saat malam hari. Favorit untuk makan malam bersama pasangan.,4.6,0,0,06.00-23.00,"Makan seafood tepi pantai, berenang, sunset viewing, snorkeling",-8.7825,115.1672
91,Pantai Seminyak,Pantai,Badung,"Pantai premium di Bali yang terkenal dengan beach club mewah bertaraf internasional, restoran tepi pantai, dan suasana kosmopolitan. Tempat nongkrong favorit wisatawan muda dan digital nomad dari seluruh dunia.",4.6,0,0,06.00-22.00,"Sunset viewing, beach club, berenang, kuliner tepi pantai",-8.6878,115.161
92,Pantai Kuta,Pantai,Badung,Pantai paling ikonik di Bali yang terkenal dengan ombak cocok untuk berselancar dan pemandangan sunset yang memukau. Destinasi nomor satu yang paling banyak dikunjungi wisatawan mancanegara saat pertama ke Bali.,4.5,0,0,06.00-18.00,"Surfing, berenang, sunset viewing, berjalan di tepi pantai",-8.7185,115.1686
93,Gunung Batur,Alam,Bangli,Gunung berapi aktif dengan pemandangan sunrise,4.7,50000,100000,04:00-18:00,"Trekking sunrise, camping, fotografi",-8.2422,115.3753
94,Gunung Agung,Alam,Karangasem,Gunung tertinggi di Bali dengan nilai spiritual tinggi,4.8,75000,150000,00:00-23:59,"Pendakian, religi, fotografi",-8.3428,115.5083
95,Bukit Campuhan Ridge Walk,Alam,Gianyar,Jalur trekking populer dengan pemandangan perbukitan hijau,4.6,0,0,06:00-18:00,"Trekking, jogging, fotografi",-8.5069,115.2625
96,Bukit Asah,Alam,Karangasem,Tempat camping dengan view laut dan perbukitan,4.5,10000,20000,00:00-23:59,"Camping, fotografi, sunrise",-8.4633,115.6155
97,Museum Subak,Budaya,Tabanan,"Museum Subak adalah museum yang menyajikan informasi yang berkaitan dengan sistem irigasi (pengairan) sawah tradisional Bali Subak. Museum ini terletak di Kota Tabanan, Provinsi Bali.",4.2,20000,30000,08.00-17.00,"Wisata budaya, berfoto, wisata sejarah",-8.5445,115.1384
98,Subak,Budaya,Tabanan,"Museum Subak adalah museum yang menyajikan informasi yang berkaitan dengan sistem irigasi (pengairan) sawah tradisional Bali Subak. Museum ini terletak di Kota Tabanan, Provinsi Bali.",4.2,20000,30000,08.00-17.00,"Wisata budaya, berfoto, wisata sejarah",-8.5443,115.1385
99,Pura Alas Kedaton,Budaya,Tabanan,"Alas Kedaton inggih punika silih tunggil wana sané kedadosan genah wisata antuk akéh kawéntenang bojog sané pateh sekadi Sangeh taler Ubud Monkey Forest, galah ngeranjing ri kala jam 9 nganti jam 17. Wana ipun doh nyané kirang langkung 25 km saking Dénpasar, magenah ring wewidangan désa Kutuh, Marga, Tabanan.",4.2,20000,30000,08.00-17.00,"Wisata budaya, berfoto, wisata sejarah",-8.5295,115.1555
100,Pura Maospait,Budaya,Badung,"Pura Maospahit is a Balinese Hindu temple or pura located in Denpasar, Bali. The pura is known for its bare red brick architecture, reminiscent of the architecture of the 13th-century Majapahit Kingdom, hence the name.",4.6,20000,30000,08.00-17.00,"Wisata budaya, berfoto, wisata sejarah",-8.6538,115.2103
101,Bali Bird Park,Alam,Badung,"Bali Bird Park (Indonesian: Taman Burung Bali), is a tourist attraction in Bali, Indonesia. It is located at the Gianyar Regency and has an area of 2,000 square metres (0.49 acres).",4.2,15000,25000,08.00-17.00,"Trekking, berfoto, menikmati alam",-8.6,115.2515
102,Bali Reptile Park,Alam,Badung,"Bali Bird Park (Indonesian: Taman Burung Bali), is a tourist attraction in Bali, Indonesia. It is located at the Gianyar Regency and has an area of 2,000 square metres (0.49 acres).",4.2,15000,25000,08.00-17.00,"Trekking, berfoto, menikmati alam",-8.5991,115.2519
103,Pura Luhur Tanah Lot,Budaya,Tabanan,"Tanah Lot (Balinese: ᬢᬦᬄᬮᭀᬢ᭄) is a rock formation off the Indonesian island of Bali. It is home to the ancient Hindu pilgrimage temple Pura Tanah Lot (literally ""Tanah Lot temple""), a popular tourist and cultural icon for photography.Tanah Lot means ""Land [in the] Sea"" in the Balinese language.",4.6,20000,30000,08.00-17.00,"Wisata budaya, berfoto, wisata sejarah",-8.6193,115.0871
104,Sunrise viewpoint of Tanah Lot Temple,Budaya,Tabanan,"Tanah Lot (Balinese: ᬢᬦᬄᬮᭀᬢ᭄) is a rock formation off the Indonesian island of Bali. It is home to the ancient Hindu pilgrimage temple Pura Tanah Lot (literally ""Tanah Lot temple""), a popular tourist and cultural icon for photography.Tanah Lot means ""Land [in the] Sea"" in the Balinese language.",4.6,20000,30000,08.00-17.00,"Wisata budaya, berfoto, wisata sejarah",-8.6196,115.0863
105,Tanah Lot Temple,Budaya,Tabanan,"Tanah Lot (Balinese: ᬢᬦᬄᬮᭀᬢ᭄) is a rock formation off the Indonesian island of Bali. It is home to the ancient Hindu pilgrimage temple Pura Tanah Lot (literally ""Tanah Lot temple""), a popular tourist and cultural icon for photography.Tanah Lot means ""Land [in the] Sea"" in the Balinese language.",4.6,20000,30000,08.00-17.00,"Wisata budaya, berfoto, wisata sejarah",-8.6212,115.0869
106,Temple Tanah Lot,Budaya,Tabanan,"Tanah Lot (Balinese: ᬢᬦᬄᬮᭀᬢ᭄) is a rock formation off the Indonesian island of Bali. It is home to the ancient Hindu pilgrimage temple Pura Tanah Lot (literally ""Tanah Lot temple""), a popular tourist and cultural icon for photography.Tanah Lot means ""Land [in the] Sea"" in the Balinese language.",4.6,20000,30000,08.00-17.00,"Wisata budaya, berfoto, wisata sejarah",-8.6212,115.0869
107,Museum Bali,Budaya,Badung,"The Bali Museum is a museum of art and history located in Denpasar, Bali, Indonesia.The museum was built in 1931 by architect P.J. Moojen, near the location of the former royal palace of Denpasar, which had been burnt to the ground during the Dutch intervention in Bali (1906), and used it as a model for its outside walls and courtyards.There are four main buildings inside the museum, Tabanan displ",4.6,20000,30000,08.00-17.00,"Wisata budaya, berfoto, wisata sejarah",-8.6575,115.2187
108,Pura Petitenget,Budaya,Tabanan,"Pura Petitenget inggih punika silih tunggil Pura sané wénten ring Pulo Baliné. Pura Petitenget magenah ring Banjar Batu Belig, Désa Kerobokan Kelod, Kecamatan Kuta Utara, Kabupatén Badung, Bali.",4.6,20000,30000,08.00-17.00,"Wisata budaya, berfoto, wisata sejarah",-8.6821,115.1527
109,Vogelpark Bali,Budaya,Badung,"Vogelpark Bali is een vogelpark bij Batubulan op Bali.In het park bevinden zich circa 1000 vogels met vele soorten uit Bali, Lombok en andere delen van Indonesië. Ook zijn er vogels uit andere werelddelen.",4.2,20000,30000,08.00-17.00,"Wisata budaya, berfoto, wisata sejarah",-8.6223,115.2619
110,Bali Butterfly Park,Budaya,Tabanan,"Bali Butterfly Park is a butterfly park in Tabanan Regency, Bali, Indonesia. The park is home to some of the rare species of butterflies including the birdwing butterfly, swallowtail and great Mormon.Bali Butterfly Park is dedicated to research, breeding and preservation of butterflies.",4.2,20000,30000,08.00-17.00,"Wisata budaya, berfoto, wisata sejarah",-8.4802,115.1316
111,Pura Taman Mumbul,Budaya,Gianyar,"Pura Taman Mumbul inggih punika silih tunggil pura sané wénten ring Bali. Pura Taman Mumbul magenah ring Désa Sangéh, Kecamatan Abiansemal, Kabupatén Badung, Bali.",4.2,20000,30000,08.00-17.00,"Wisata budaya, berfoto, wisata sejarah",-8.4843,115.2128
112,Sangeh,Alam,Gianyar,"Sangeh adalah sebuah tempat pariwisata di pulau Bali yang terletak di Desa Sangeh, Kecamatan Abiansemal, Kabupaten Badung, Bali, Indonesia.Sangeh terkenal karena merupakan sebuah desa di mana monyet-monyet (beruk) berkeliaran dengan bebas dan dikeramatkan oleh penduduk setempat di sebuah hutan. Di tengah hutan ada pula sebuah pura yang bernama Pura Bukit Sari.Pura ini dibangun oleh Kerajaan Mengwi",4.2,15000,25000,08.00-17.00,"Trekking, berfoto, menikmati alam",-8.4817,115.2068
113,Museum Agung Bung Karno,Budaya,Badung,"Museum Agung Bung Karno is located in Denpasar, Bali. This four-story building houses collections related to Indonesia's first President Sukarno ranging from books, speeches and writings, to bicycles, tables, and beds which belonged to him.",4.6,20000,30000,08.00-17.00,"Wisata budaya, berfoto, wisata sejarah",-8.6724,115.2254
114,Sacred Monkey Forest Sanctuary,Budaya,Badung,"Mandala Suci Wenara Wana, or well known as Ubud Monkey Forest, is the sanctuary and natural habitat of the Balinese long-tailed macaque. It is located at Padangtegal Ubud, Bali.",4.2,20000,30000,08.00-17.00,"Wisata budaya, berfoto, wisata sejarah",-8.5187,115.2583
115,Main Temple,Budaya,Badung,"Pura Dalem Agung Padangtegal, or Padangtegal Great Temple of Death, is one of three Hindu temples making up a temple complex located in the Sacred Monkey Forest Sanctuary – commonly called the ""Ubud Monkey Forest"" – of Padangtegal, Ubud, Bali, Indonesia.Also called the ""Main Temple,"" Pura Dalem Agung Padangtegal lies in the southwestern part of the Ubud Monkey Forest grounds and is used for worshi",4.6,20000,30000,08.00-17.00,"Wisata budaya, berfoto, wisata sejarah",-8.5189,115.2586
116,Gereja Katolik Roh Kudus Katedral,Budaya,Badung,The Holy Spirit Cathedral (Indonesian: Katedral Roh Kudus) also called Denpasar Cathedral (Katedral Denpasar) is a religious building affiliated with the Catholic Church located in the city of Denpasar on the island of Bali in the south of the Asian country of Indonesia.,4.6,20000,30000,08.00-17.00,"Wisata budaya, berfoto, wisata sejarah",-8.674,115.2296
117,Ubud Monkey Forest,Budaya,Badung,"Mandala Suci Wenara Wana, or well known as Ubud Monkey Forest, is the sanctuary and natural habitat of the Balinese long-tailed macaque. It is located at Padangtegal Ubud, Bali.",4.2,20000,30000,08.00-17.00,"Wisata budaya, berfoto, wisata sejarah",-8.5193,115.2606
118,Bajra Sandhi Monument,Budaya,Badung,"Bajra Sandhi Monument is a monument to the struggles of the Balinese people throughout history. The monument is located in front of the Bali Governor's Office in Denpasar, Indonesia, on the island of Bali.",4.6,20000,30000,08.00-17.00,"Wisata budaya, berfoto, wisata sejarah",-8.6717,115.2339
119,Agung Rai Museum of Art,Budaya,Badung,"The Agung Rai Museum of Art (ARMA) is a museum located in Ubud on Bali, Indonesia.Lenzi, Iola (2004). Museums of Southeast Asia.",4.6,20000,30000,08.00-17.00,"Wisata budaya, berfoto, wisata sejarah",-8.5184,115.2621
120,Don Antonio Blanco Museum,Budaya,Badung,"The Blanco Renaissance Museum is a museum located in Ubud on Bali, Indonesia that opened December 28, 1998.Lenzi, Iola (2004). Museums of Southeast Asia.",4.6,20000,30000,08.00-17.00,"Wisata budaya, berfoto, wisata sejarah",-8.5049,115.254
121,Museum Rudana,Budaya,Badung,"Museum Rudana or Rudana Art Museum is an art museum in Peliatan, Gianyar Regency, Bali, Indonesia. It was built by Nyoman Rudana, following the concept of the Bali humanist philosophy of Tri Hita Karana, where art makes a contribution to public wellbeing.The 500 square meter building was built on 2.5 acres (10,000 m2) of land, and its cornerstone was laid on December 22, 1990.Its blessing ceremony",4.6,20000,30000,08.00-17.00,"Wisata budaya, berfoto, wisata sejarah",-8.5294,115.2715
122,Margarana Memorial Site,Budaya,Tabanan,"The Battle of Margarana (Indonesian: Puputan Margarana) was a battle fought between the Netherlands Indies Civil Administration (NICA) and the recently created, rebelling Ciung Wanara Battalion that occurred in Marga, in Bali Indonesia.As World War II ended, the British Army landed in Bali, disarmed occupying Japanese troops, and returned to Batavia. Some Dutch KNIL battalions under Gajah Merah, h",4.2,20000,30000,08.00-17.00,"Wisata budaya, berfoto, wisata sejarah",-8.4651,115.1638
123,Margarana Memorial,Budaya,Tabanan,"Monumen Nasional Taman Pujaan Bangsa Margarana adalah sebuah Monumen peringatan yang didirikan untuk mengenang tragedi Puputan Margarana, di Desa Marga, Kecamatan Marga, Kabupaten Tabanan, Bali. Pada Tanggal 20 November 1946 terjadilah pertempuran habis-habisan antara pasukan pejuang Republik Indonesia melawan kaum penjajah Belanda,di Banjar Kelaci, Desa Marga oleh pasukan Ciung Wanara di bawah pi",4.2,20000,30000,08.00-17.00,"Wisata budaya, berfoto, wisata sejarah",-8.465,115.1638
124,Kemenuh Butterfly Park,Alam,Badung,"Kemenuh Butterfly Park is a park with butterflies in Kemenuh, Sukawati, Gianyar, Bali, Indonesia. It is located among rice fields.This park focuses on conservation and education as well as being an attraction for tourists and locals to enjoy.The endangered kupu-kupu barong moth is found at the cocoon house in this park.",4.2,15000,25000,08.00-17.00,"Trekking, berfoto, menikmati alam",-8.5653,115.2842
125,Candi Tebing Tegallinggah,Budaya,Gianyar,"Candi Abing Tegallinggah utawi Candi Tegallinggah punika situs purbakala sané kalindungin ring Bali. Candi Tebing Tegallinggah katemuin olih Krijgsman pinaka Arkéolog wangsa Welanda, Magenah ring Tukad Pakerisan, Désa Pakraman Tegallinggah, Désa Bedulu, Kacamatan Blahbatuh, Kabupatén Gianyar, Provinsi Bali, Indonésia.",4.2,20000,30000,08.00-17.00,"Wisata budaya, berfoto, wisata sejarah",-8.5276,115.3068
126,Pura Samuan Tiga,Budaya,Badung,"Pura Samuan Tiga utawi Pura Samuantiga inggih punika pura sané magenah ring Bedulu, Blahbatuh, Gianyar, nampek sareng situs Goa Gajah. Mawit saking prasasti Manukaya sané merangka warsa 962 maséhi, kanikayang Pura Samuan Tiga kewangun ring aab sané pateh sareng Pura Tirta Empul punika sawatara abad ka-10.",4.2,20000,30000,08.00-17.00,"Wisata budaya, berfoto, wisata sejarah",-8.5238,115.2951
127,Pura Ukur Ukuran,Budaya,Gianyar,"Pura Pengukur-ukuran adalah tempat ibadah agama Hindu, di Indonesia yang ada di Dusun Sawagunung, Desa Pejeng Kelod, Kecamatan Tampaksiring, Kabupaten Gianyar, Propinsi Bali. Di Bali mayoritas penduduknya beragama Hindu, dan seperti pada umumnya pura yang ada di sana, Pura Pengukur-ukuran mempunyai tiga halaman utama.",4.2,20000,30000,08.00-17.00,"Wisata budaya, berfoto, wisata sejarah",-8.5074,115.3028
128,Pura Kebo Edan,Budaya,Badung,"Pura Kebo Edan adalah tempat peribadatan Hindu yang terletak di Desa Pejeng, Tampaksiring, Gianyar, Bali. Tempat ini kaya akan benda-benda arkeologi yang merupakan mata rantai sejarah perkembangan Kerajaan Hindu di Indonesia.Meskipun bukan tujuan wisata yang populer di Bali, Pura Kebo Edan sejak lama menjadi daya tarik turis lokal maupun mancanegara.",4.2,20000,30000,08.00-17.00,"Wisata budaya, berfoto, wisata sejarah",-8.5178,115.2925
129,Moon of Pejeng,Budaya,Badung,"The Moon of Pejeng, also known as the Pejeng Moon, in Bali is the largest single-cast bronze kettle drum in the world. and ""the largest known relic from Southeast Asia's Bronze Age period."" It is ""considered highly sacred by local people."" It is thought to be a relic of early rice cultivation rituals.The drum is 186.6 centimetres (73.5 in) high and the diameter of the tympano is 160 centimetres (6",4.6,20000,30000,08.00-17.00,"Wisata budaya, berfoto, wisata sejarah",-8.5137,115.2933
130,Goa Gajah cave,Budaya,Badung,"Goa Gajah, or Elephant Cave, is located on the island of Bali near Ubud, in Indonesia. Built in the 9th century, it served as a sanctuary.Although the exact origins of the cave are uncertain, it is believed to have been built as place for spiritual meditation.",4.6,20000,30000,08.00-17.00,"Wisata budaya, berfoto, wisata sejarah",-8.5235,115.2868
131,Tegenungan Waterfall,Pantai,Badung,"Tegenungan Waterfall is a waterfall in Bali, Indonesia. It is located at the village of Tegenungan Kemenuh, in the Gianyar Regency, north from the capital Denpasar and close to the Balinese artist village of Ubud.",4.2,0,0,08.00-17.00,"Bersantai, berenang, berfoto, snorkeling",-8.5546,115.2914
132,Candi Tebing Krobokan,Budaya,Gianyar,"Candi Tebing Krobokan adalah salah satu benda cagar budaya yang terletak di Pulau BaliCandi Tebing Krobokan terdapat di Desa Pejeng Kangin, Kecamatan Tampaksiring, Kabupaten Gianyar, Provinsi Bali. Untuk mencapai Candi ini dapat melalui jalur menuju Bedulu ke Gianyar, dekat dengan belokan ke Kutri, Bali.",4.2,20000,30000,08.00-17.00,"Wisata budaya, berfoto, wisata sejarah",-8.485,115.3085
133,Bali Safari & Marine Park,Alam,Gianyar,"Bali Safari and Marine Park, or Taman Safari Indonesia III is a branch of Taman Safari located in Gianyar, Bali.Bali Safari & Marine Park is state - of the - art amusement park offering a Balinese cultural entertainment and the latest design in wildlife encounter. The park is home for more than 1000 individual animals of 100 selected exotic and endemic Indonesian species such as Komodo Dragons, Or",4.6,15000,25000,08.00-17.00,"Trekking, berfoto, menikmati alam",-8.5809,115.3441
134,Puri Agung Peliatan,Budaya,Badung,"The Puri Lukisan Ratna Wartha Museum (Indonesian: Museum Puri Lukisan Ratna Warna) is the oldest art museum in Bali which specialize in modern traditional Balinese paintings and wood carvings. The museum is located in Ubud, Bali, Indonesia.",4.6,20000,30000,08.00-17.00,"Wisata budaya, berfoto, wisata sejarah",-8.5177,115.2694
135,Bukit Bangkungan,Alam,Gianyar,"Bukid ang Bukit Bangkungan sa Indonesya. Nahimutang ni sa lalawigan sa Provinsi Bali, sa habagatan-kasadpang bahin sa nasod, 1,000 km sa sidlakan sa Jakarta ang ulohan sa nasod.",4.2,15000,25000,08.00-17.00,"Trekking, berfoto, menikmati alam",-8.4963,115.3814
136,Bukit Lebuan,Alam,Gianyar,"Bukid ang Bukit Lebuan sa Indonesya. Nahimutang ni sa lalawigan sa Provinsi Bali, sa habagatan-kasadpang bahin sa nasod, 1,000 km sa sidlakan sa Jakarta ang ulohan sa nasod.",4.2,15000,25000,08.00-17.00,"Trekking, berfoto, menikmati alam",-8.493,115.3823
137,Puri Saren Agung Ubud Palace,Budaya,Badung,"The Ubud Palace, officially Puri Saren Agung, is a historical building complex situated in Ubud, Gianyar Regency of Bali, Indonesia.",4.2,20000,30000,08.00-17.00,"Wisata budaya, berfoto, wisata sejarah",-8.5066,115.2628
138,Saraswati Temple,Budaya,Badung,"Pura Taman Saraswati, officially Pura Taman Kemuda Saraswati, also known as the Ubud Water Palace, is a Balinese Hindu temple in Ubud, Bali, Indonesia. The pura is dedicated to the goddess Sarasvati.",4.6,20000,30000,08.00-17.00,"Wisata budaya, berfoto, wisata sejarah",-8.5059,115.2615
139,Museum Puri Lukisan,Budaya,Badung,"The Puri Lukisan Ratna Wartha Museum (Indonesian: Museum Puri Lukisan Ratna Warna) is the oldest art museum in Bali which specialize in modern traditional Balinese paintings and wood carvings. The museum is located in Ubud, Bali, Indonesia.",4.6,20000,30000,08.00-17.00,"Wisata budaya, berfoto, wisata sejarah",-8.5051,115.2604
140,Museum Semarajaya,Budaya,Gianyar,"The Semarajaya Museum is a museum located in Klungkung on Bali, Indonesia.Lenzi, Iola (2004). Museums of Southeast Asia.",4.6,20000,30000,08.00-17.00,"Wisata budaya, berfoto, wisata sejarah",-8.5354,115.4028
141,Klungkung Palace,Budaya,Gianyar,"The Klungkung Palace, officially Puri Agung Semarapura, is a historical building complex situated in Semarapura, the capital of the Klungkung Regency (kabupaten) on Bali, Indonesia. The palace (puri) was erected at the end of the 17th century, but largely destroyed during the Dutch colonial conquest in 1908.",4.6,20000,30000,08.00-17.00,"Wisata budaya, berfoto, wisata sejarah",-8.5356,115.403
142,Taman Kertha Gosa,Alam,Gianyar,"The Kertha Gosa Pavilion is an example of Balinese architecture located on the island of Bali, in city Klungkung, Indonesia. The Kertha Gosa Pavilion at Klungkung Palace was built in the early 18th century by Dewa Agung Gusti Sideman.",4.6,15000,25000,08.00-17.00,"Trekking, berfoto, menikmati alam",-8.5356,115.4033
143,Kertha Gosa,Alam,Gianyar,"The Kertha Gosa Pavilion is an example of Balinese architecture located on the island of Bali, in city Klungkung, Indonesia. The Kertha Gosa Pavilion at Klungkung Palace was built in the early 18th century by Dewa Agung Gusti Sideman.",4.6,15000,25000,08.00-17.00,"Trekking, berfoto, menikmati alam",-8.5355,115.4036
144,Bukit Belahdua,Alam,Gianyar,"Bukid ang Bukit Belahdua sa Indonesya. Nahimutang ni sa lalawigan sa Provinsi Bali, sa habagatan-kasadpang bahin sa nasod, 1,000 km sa sidlakan sa Jakarta ang ulohan sa nasod.",4.2,15000,25000,08.00-17.00,"Trekking, berfoto, menikmati alam",-8.4931,115.3957
145,Bukit Puncaksari,Alam,Gianyar,"Bukid ang Bukit Puncaksari sa Indonesya. Nahimutang ni sa lalawigan sa Provinsi Bali, sa habagatan-kasadpang bahin sa nasod, 1,000 km sa sidlakan sa Jakarta ang ulohan sa nasod.",4.2,15000,25000,08.00-17.00,"Trekking, berfoto, menikmati alam",-8.4847,115.3932
146,Pura Dasar Buana Gelgel,Budaya,Gianyar,"Pura Dasar Buana is a Balinese Hindu temple or pura located in Gelgel, Bali, about 3 kilometres (1.9 mi) from Semarapura. Pura Dasar Buana is one of the Pura Dang Kahyangan Jagat, a temple which was built to honor a holy teacher of Hindu teaching.",4.6,20000,30000,08.00-17.00,"Wisata budaya, berfoto, wisata sejarah",-8.5554,115.4079
147,Naka Contemporary Art Gallery,Budaya,Gianyar,"The Neka Art Museum is a museum located in Ubud on Bali, Indonesia, It was established in 1982 by Pande Wayan Suteja Neka, better known as Suteja Neka, a Balinese art dealer who had begun collecting Balinese art with the advice and help of painters Rudolf Bonnet and Arie Smit among others.Pande Wayan Suteja Neka, was the son of I Wayan Neka, a famous wood carver who was a member of the Pitamaha. S",4.6,20000,30000,08.00-17.00,"Wisata budaya, berfoto, wisata sejarah",-8.489,115.2536
148,Sanur,Alam,Badung,"Sanur (Indonesian: Pantai Sanur, pronounced sah-noor) is a coastal stretch of beach east of Denpasar in southeast Bali (about a 30-minute drive from Ngurah Rai International Airport), which has grown into a little town in its own right. A 5.1 km (3.2 mi) area of Sanur's coastline, from Matahari Terbit Beach to Mertasari Beach, was reclaimed in 2008.In 1906 the northern part of Sanur Beach was used",4.6,15000,25000,08.00-17.00,"Trekking, berfoto, menikmati alam",-8.6832,115.2565
149,Museum Le Mayeur,Budaya,Badung,"The Le Mayeur Museum is a museum containing Adrien-Jean Le Mayeur's work as well as his collection of traditional Balinese art and local artifacts. It is located in Sanur, Bali, Indonesia.Lenzi, Iola (2004).",4.2,20000,30000,08.00-17.00,"Wisata budaya, berfoto, wisata sejarah",-8.6748,115.2626
150,Bali Shell Museum,Budaya,Badung,"The Bali Museum is a museum of art and history located in Denpasar, Bali, Indonesia.The museum was built in 1931 by architect P.J. Moojen, near the location of the former royal palace of Denpasar, which had been burnt to the ground during the Dutch intervention in Bali (1906), and used it as a model for its outside walls and courtyards.There are four main buildings inside the museum, Tabanan displ",4.6,20000,30000,08.00-17.00,"Wisata budaya, berfoto, wisata sejarah",-8.7143,115.1867
151,Pura Dalem Sakenan,Budaya,Badung,"Pura Dalem Sakenan is a pura (Balinese Hindu temple) located at the north-western shore of Serangan, a small island about 10 kilometres (6.2 mi) south of Denpasar, Bali. Pura Dalem Sakenan is dedicated to [rambut sedhana] and is associated with prosperity.",4.2,20000,30000,08.00-17.00,"Wisata budaya, berfoto, wisata sejarah",-8.7251,115.2294
152,Pura Sakenan,Budaya,Badung,"Serangan is a small island located 500 m south of Denpasar, Bali, Indonesia. The island has a length of 2.9 km and a width of 1 km.",4.6,20000,30000,08.00-17.00,"Wisata budaya, berfoto, wisata sejarah",-8.725,115.2301
153,Bali Bombing Memorial (Ground Zero Monument),Budaya,Badung,"The 2002 Bali bombings occurred on 12 October 2002 in the tourist district of Kuta on the Indonesian island of Bali. The attack killed 202 people (including 88 Australians, 38 Indonesians, 23 Britons, and people of more than 20 other nationalities).",4.6,20000,30000,08.00-17.00,"Wisata budaya, berfoto, wisata sejarah",-8.7173,115.1745
154,Kuta Beach,Alam,Badung,"Pantai Kuta adalah sebuah tempat pariwisata yang terletak di kecamatan Kuta, sebelah selatan Kota Denpasar, Bali, Indonesia. Daerah ini merupakan sebuah tujuan wisata turis mancanegara dan telah menjadi objek wisata andalan Pulau Bali sejak awal tahun 1970-an.",4.2,15000,25000,08.00-17.00,"Trekking, berfoto, menikmati alam",-8.7182,115.1688
155,Pura Payogan Agung Ketéwél,Budaya,Badung,"Pura Payogan Agung inggih punika Pura Kahyangan Jagat sané magenah ring Désa Pakraman Ketéwél, Kecamatan Sukawati, Kabupatén Gianyar.",4.2,20000,30000,08.00-17.00,"Wisata budaya, berfoto, wisata sejarah",-8.6254,115.2844
156,Munduk Kemetu,Alam,Tabanan,"Bukid ang Munduk Kemetu sa Indonesya. Nahimutang ni sa lalawigan sa Provinsi Bali, sa habagatan-kasadpang bahin sa nasod, 900 km sa sidlakan sa Jakarta ang ulohan sa nasod.",4.2,15000,25000,08.00-17.00,"Trekking, berfoto, menikmati alam",-8.4351,115.0697
157,Pura Luhur Tamba Waras Temple,Budaya,Tabanan,"Pura Tamba Waras utawi Pura Luhur Tamba Waras silih tunggil pura sané magenah nampek sareng Gunung Batukaru. Magenah ring sisi Kelod Gunung Batukaru, ring Désa Sangketan, Kecamatan Penebel, Kabupatén Tabanan.",4.2,20000,30000,08.00-17.00,"Wisata budaya, berfoto, wisata sejarah",-8.4107,115.0908
158,Pura Yeh Gangga,Budaya,Tabanan,"Pura Yeh Gangga adalah salah satu pura di Pulau Dewata Bali yang ditemukan pada Tahun 1820 yang didirikan di dekat sungai dengan struktur bangunan yang terlihat serupa dengan candi di Jawa, kecuali bagian atap Pura Yeh Gangga yang berbentuk meru tumpang tujuh dan terbuat dari bahan ringan. Pura Yeh Gangga ini terletak di Desa Perean, Kecamatan Baturiti, Kabupaten Tabanan Bali, sekitar 30 km dari D",4.2,20000,30000,08.00-17.00,"Wisata budaya, berfoto, wisata sejarah",-8.4294,115.1972
159,Bukit Kauh,Alam,Klungkung,"Bungtod ang Bukit Kauh sa Indonesya. Nahimutang ni sa lalawigan sa Provinsi Bali, sa habagatan-kasadpang bahin sa nasod, 1,000 km sa sidlakan sa Jakarta ang ulohan sa nasod.",4.2,15000,25000,08.00-17.00,"Trekking, berfoto, menikmati alam",-8.4629,115.5682
160,Bukit Sangyangapi,Alam,Klungkung,"Bungtod ang Bukit Sangyangapi sa Indonesya. Nahimutang ni sa lalawigan sa Provinsi Bali, sa habagatan-kasadpang bahin sa nasod, 1,000 km sa sidlakan sa Jakarta ang ulohan sa nasod.",4.2,15000,25000,08.00-17.00,"Trekking, berfoto, menikmati alam",-8.4463,115.5583
161,Bukit Badabudu,Alam,Klungkung,"Bukid ang Bukit Badabudu sa Indonesya. Nahimutang ni sa lalawigan sa Provinsi Bali, sa habagatan-kasadpang bahin sa nasod, 1,000 km sa sidlakan sa Jakarta ang ulohan sa nasod.",4.2,15000,25000,08.00-17.00,"Trekking, berfoto, menikmati alam",-8.4579,115.5559
162,Bukit Pedalit,Alam,Klungkung,"Bukid ang Bukit Pedalit sa Indonesya. Nahimutang ni sa lalawigan sa Provinsi Bali, sa habagatan-kasadpang bahin sa nasod, 1,000 km sa sidlakan sa Jakarta ang ulohan sa nasod.",4.2,15000,25000,08.00-17.00,"Trekking, berfoto, menikmati alam",-8.4531,115.5528
163,Bukit Kangin,Alam,Klungkung,"Bukid ang Bukit Kangin sa Indonesya. Nahimutang ni sa lalawigan sa Provinsi Bali, sa habagatan-kasadpang bahin sa nasod, 1,000 km sa sidlakan sa Jakarta ang ulohan sa nasod.",4.2,15000,25000,08.00-17.00,"Trekking, berfoto, menikmati alam",-8.4802,115.5724
164,Bukit Pudak,Alam,Klungkung,"Bukid ang Bukit Pudak sa Indonesya. Nahimutang ni sa lalawigan sa Provinsi Bali, sa habagatan-kasadpang bahin sa nasod, 1,000 km sa sidlakan sa Jakarta ang ulohan sa nasod.",4.2,15000,25000,08.00-17.00,"Trekking, berfoto, menikmati alam",-8.4733,115.5578
165,Bukit Dausa,Alam,Klungkung,"Bungtod ang Bukit Dausa sa Indonesya. Nahimutang ni sa lalawigan sa Provinsi Bali, sa habagatan-kasadpang bahin sa nasod, 1,000 km sa sidlakan sa Jakarta ang ulohan sa nasod.",4.2,15000,25000,08.00-17.00,"Trekking, berfoto, menikmati alam",-8.4253,115.5891
166,Bukit Komala,Alam,Klungkung,"Bukid ang Bukit Komala sa Indonesya. Nahimutang ni sa lalawigan sa Provinsi Bali, sa habagatan-kasadpang bahin sa nasod, 1,000 km sa sidlakan sa Jakarta ang ulohan sa nasod.",4.2,15000,25000,08.00-17.00,"Trekking, berfoto, menikmati alam",-8.4221,115.5709
167,Bukit Batugaang,Alam,Klungkung,"Bukid ang Bukit Batugaang sa Indonesya. Nahimutang ni sa lalawigan sa Provinsi Bali, sa habagatan-kasadpang bahin sa nasod, 1,000 km sa sidlakan sa Jakarta ang ulohan sa nasod.",4.2,15000,25000,08.00-17.00,"Trekking, berfoto, menikmati alam",-8.4782,115.5565
168,Bukit Saab,Alam,Klungkung,"Bukid ang Bukit Saab sa Indonesya. Nahimutang ni sa lalawigan sa Provinsi Bali, sa habagatan-kasadpang bahin sa nasod, 1,000 km sa sidlakan sa Jakarta ang ulohan sa nasod.",4.2,15000,25000,08.00-17.00,"Trekking, berfoto, menikmati alam",-8.4824,115.5561
169,Bukit Dukuh,Alam,Klungkung,"Bungtod ang Bukit Dukuh sa Indonesya. Nahimutang ni sa lalawigan sa Provinsi Bali, sa habagatan-kasadpang bahin sa nasod, 1,000 km sa sidlakan sa Jakarta ang ulohan sa nasod.",4.2,15000,25000,08.00-17.00,"Trekking, berfoto, menikmati alam",-8.4892,115.5912
170,Bukit Sampiang,Alam,Karangasem,"Bungtod ang Bukit Sampiang sa Indonesya. Nahimutang ni sa lalawigan sa Provinsi Bali, sa habagatan-kasadpang bahin sa nasod, 1,000 km sa sidlakan sa Jakarta ang ulohan sa nasod.",4.2,15000,25000,08.00-17.00,"Trekking, berfoto, menikmati alam",-8.4776,115.6105
171,Bukit Pejinengan,Alam,Klungkung,"Bukid ang Bukit Pejinengan sa Indonesya. Nahimutang ni sa lalawigan sa Provinsi Bali, sa habagatan-kasadpang bahin sa nasod, 1,000 km sa sidlakan sa Jakarta ang ulohan sa nasod.",4.2,15000,25000,08.00-17.00,"Trekking, berfoto, menikmati alam",-8.4833,115.554
172,Bukit Tumpek,Alam,Karangasem,"Bungtod ang Bukit Tumpek sa Indonesya. Nahimutang ni sa lalawigan sa Provinsi Bali, sa habagatan-kasadpang bahin sa nasod, 1,000 km sa sidlakan sa Jakarta ang ulohan sa nasod.",4.2,15000,25000,08.00-17.00,"Trekking, berfoto, menikmati alam",-8.421,115.6034
173,Bukit Bunut,Alam,Klungkung,"Bungtod ang Bukit Bunut sa Indonesya. Nahimutang ni sa lalawigan sa Provinsi Bali, sa habagatan-kasadpang bahin sa nasod, 1,000 km sa sidlakan sa Jakarta ang ulohan sa nasod.",4.2,15000,25000,08.00-17.00,"Trekking, berfoto, menikmati alam",-8.4913,115.5619
174,Bukit Jedan,Alam,Klungkung,"Bungtod ang Bukit Jedan sa Indonesya. Nahimutang ni sa lalawigan sa Provinsi Bali, sa habagatan-kasadpang bahin sa nasod, 1,000 km sa sidlakan sa Jakarta ang ulohan sa nasod.",4.2,15000,25000,08.00-17.00,"Trekking, berfoto, menikmati alam",-8.495,115.572
175,Bukit Sangyangambu,Alam,Klungkung,"Bungtod ang Bukit Sangyangambu sa Indonesya. Nahimutang ni sa lalawigan sa Provinsi Bali, sa habagatan-kasadpang bahin sa nasod, 1,000 km sa sidlakan sa Jakarta ang ulohan sa nasod.",4.2,15000,25000,08.00-17.00,"Trekking, berfoto, menikmati alam",-8.4984,115.5811
176,Bukit Tirtagangga,Alam,Klungkung,"Bukit Tirtagangga är ett berg i Indonesien. Det ligger i provinsen Provinsi Bali, i den sydvästra delen av landet, 1 000 km öster om huvudstaden Jakarta.",4.2,15000,25000,08.00-17.00,"Trekking, berfoto, menikmati alam",-8.4091,115.585
177,Bukit Keciwa,Alam,Klungkung,"Bukid ang Bukit Keciwa sa Indonesya. Nahimutang ni sa lalawigan sa Provinsi Bali, sa habagatan-kasadpang bahin sa nasod, 1,000 km sa sidlakan sa Jakarta ang ulohan sa nasod.",4.2,15000,25000,08.00-17.00,"Trekking, berfoto, menikmati alam",-8.4562,115.5346
178,Museum Pustaka Lontar,Budaya,Karangasem,"Museum Pustaka Lontar silih tunggil museum lontar sané magenah ring sisi kangin Bali, tepat ipun ring Désa Pakraman Dukuh Penaban, museum puniki kawangun olih krama désa irika, taler polih dukungan miwah wantuan saking Ida I Dewa Gde Catra, Sugi Lanus, Hedi Hinzler, miwah Bandésa Dukuh Penaban.Pinaka ustaha krama irika mikolehin panghargaan MURI antuk pakaryan ipun ngewangun museum lontar puniki.",4.2,20000,30000,08.00-17.00,"Wisata budaya, berfoto, wisata sejarah",-8.4213,115.612
179,Bukit Tumpeng,Alam,Klungkung,"Bungtod ang Bukit Tumpeng sa Indonesya. Nahimutang ni sa lalawigan sa Provinsi Bali, sa habagatan-kasadpang bahin sa nasod, 1,000 km sa sidlakan sa Jakarta ang ulohan sa nasod.",4.2,15000,25000,08.00-17.00,"Trekking, berfoto, menikmati alam",-8.4954,115.562
180,Bukit Ngandang,Alam,Karangasem,"Bungtod ang Bukit Ngandang sa Indonesya. Nahimutang ni sa lalawigan sa Provinsi Bali, sa habagatan-kasadpang bahin sa nasod, 1,000 km sa sidlakan sa Jakarta ang ulohan sa nasod.",4.2,15000,25000,08.00-17.00,"Trekking, berfoto, menikmati alam",-8.4211,115.6133
181,Bukit Munjuk,Alam,Klungkung,"Bungtod ang Bukit Munjuk sa Indonesya. Nahimutang ni sa lalawigan sa Provinsi Bali, sa habagatan-kasadpang bahin sa nasod, 1,000 km sa sidlakan sa Jakarta ang ulohan sa nasod.",4.2,15000,25000,08.00-17.00,"Trekking, berfoto, menikmati alam",-8.4991,115.5712
182,Taman Ujung Water Palace,Alam,Karangasem,"Ujung Water Palace is a former palace in Karangasem Regency, Bali. Now, this palace also known as Ujung Park or Sukasada Park.",4.6,15000,25000,08.00-17.00,"Trekking, berfoto, menikmati alam",-8.4645,115.6305
183,Bukit Penaban,Alam,Karangasem,"Bungtod ang Bukit Penaban sa Indonesya. Nahimutang ni sa lalawigan sa Provinsi Bali, sa habagatan-kasadpang bahin sa nasod, 1,000 km sa sidlakan sa Jakarta ang ulohan sa nasod.",4.2,15000,25000,08.00-17.00,"Trekking, berfoto, menikmati alam",-8.4179,115.6184
184,Bukit Satu,Alam,Klungkung,"Bungtod ang Bukit Satu sa Indonesya. Nahimutang ni sa lalawigan sa Provinsi Bali, sa habagatan-kasadpang bahin sa nasod, 1,000 km sa sidlakan sa Jakarta ang ulohan sa nasod.",4.2,15000,25000,08.00-17.00,"Trekking, berfoto, menikmati alam",-8.4743,115.5292
185,Bukit Juet,Alam,Klungkung,"Bukid ang Bukit Juet sa Indonesya. Nahimutang ni sa lalawigan sa Provinsi Bali, sa habagatan-kasadpang bahin sa nasod, 1,000 km sa sidlakan sa Jakarta ang ulohan sa nasod.",4.2,15000,25000,08.00-17.00,"Trekking, berfoto, menikmati alam",-8.4682,115.5268
186,Gedong Kertya,Budaya,Buleleng,"Gedong Kirtya library was founded in 1928 by the Dutch in what was then their colonial capital of the Lesser Sunda Islands, Singaraja, and named for the Sanskrit word 'to try'. It is in the complex of Sasana Budaya, the old palace of the Buleleng Kingdom.In its collection are lontar manuscripts (written on dried leaves of the rontal palm), prasasti (inscribed on copper plates) and manuscripts on p",4.6,20000,30000,08.00-17.00,"Wisata budaya, berfoto, wisata sejarah",-8.1247,115.0969
187,Pura Desa Panji,Budaya,Buleleng,"Panji may refer to:Panji District (潘集区), Huainan, Anhui, China Panji Town (潘集镇), a town in Panji District Panji (subdistrict), Situbondo Regency, East Java, Indonesia Way Panji, South Lampung Regency, Lampung, IndonesiaPanji Town (潘集镇), a town in Panji DistrictPanji tales, a cycle of Javanese folk stories Panji Koming, an Indonesian cartoon appearing in Kompas Panji Manusia Millenium, an Indonesia",4.2,20000,30000,08.00-17.00,"Wisata budaya, berfoto, wisata sejarah",-8.1513,115.0886
188,Pura Beji,Budaya,Buleleng,"Pura Beji Sangsit is a Balinese temple or pura located in Sangsit, Buleleng, on the island of Bali, Indonesia. The village of Sangsit is located around 8 kilometres (5.0 mi) east of Singaraja.",4.6,20000,30000,08.00-17.00,"Wisata budaya, berfoto, wisata sejarah",-8.0836,115.1343
189,Temple of the death,Budaya,Buleleng,"Pura Dalem Segara Madhu also known as Pura Dalem Jagaraga is a northern Balinese Hindu temple or pura located in the village of Jagaraga, Buleleng in northern Bali. It is about 11 km east of Singaraja.",4.6,20000,30000,08.00-17.00,"Wisata budaya, berfoto, wisata sejarah",-8.1051,115.1601
190,Munduk Banteng,Alam,Buleleng,"Bungtod ang Munduk Banteng sa Indonesya. Nahimutang ni sa lalawigan sa Provinsi Bali, sa habagatan-kasadpang bahin sa nasod, 900 km sa sidlakan sa Jakarta ang ulohan sa nasod.",4.2,15000,25000,08.00-17.00,"Trekking, berfoto, menikmati alam",-8.1035,115.1654
191,Lovina Beach,Alam,Buleleng,"Lovina Beach (or often simply Lovina) is a coastal area on the northwestern side of the island of Bali, Indonesia. The coastal strip stretches from 5 km west of the city of Singaraja to 15 km west.",4.6,15000,25000,08.00-17.00,"Trekking, berfoto, menikmati alam",-8.1593,115.0256
192,Pura Maduwe Karang,Budaya,Buleleng,"Pura Meduwe Karang or Pura Maduwe Karang is a Balinese temple located in Kubutambahan, around 12 km east of Singaraja in Buleleng Regency, northern Bali. It is considered one of the principle temples of Bali, due to its size.",4.6,20000,30000,08.00-17.00,"Wisata budaya, berfoto, wisata sejarah",-8.0779,115.1757
193,Gitgit Waterfall,Pantai,Buleleng,"Gitgit Waterfall is a waterfall on Bali, Indonesia. It is located on the north of the Southeast Asian island between the old island capital of Singaraja and the inland village of Munduk.",4.6,0,0,08.00-17.00,"Bersantai, berenang, berfoto, snorkeling",-8.1936,115.1351
194,Puncak Buleling,Alam,Buleleng,"Bukid ang Puncak Buleling sa Indonesya. Nahimutang ni sa lalawigan sa West Nusa Tenggara, sa habagatan-kasadpang bahin sa nasod, 900 km sa sidlakan sa Jakarta ang ulohan sa nasod.",4.2,15000,25000,08.00-17.00,"Trekking, berfoto, menikmati alam",-8.1833,115.1667
195,Gunung Centik,Alam,Buleleng,"Bukid ang Gunung Centik sa Indonesya. Nahimutang ni sa lalawigan sa Provinsi Bali, sa habagatan-kasadpang bahin sa nasod, 900 km sa sidlakan sa Jakarta ang ulohan sa nasod.",4.2,15000,25000,08.00-17.00,"Trekking, berfoto, menikmati alam",-8.1846,115.1697
196,Bukit Bebetin,Alam,Buleleng,"Bukid ang Bukit Bebetin sa Indonesya. Nahimutang ni sa lalawigan sa Provinsi Bali, sa habagatan-kasadpang bahin sa nasod, 900 km sa sidlakan sa Jakarta ang ulohan sa nasod.",4.2,15000,25000,08.00-17.00,"Trekking, berfoto, menikmati alam",-8.1574,115.1886
197,Gunung Silangjana,Alam,Buleleng,"Bukid ang Gunung Silangjana sa Indonesya. Nahimutang ni sa lalawigan sa Provinsi Bali, sa habagatan-kasadpang bahin sa nasod, 900 km sa sidlakan sa Jakarta ang ulohan sa nasod.",4.2,15000,25000,08.00-17.00,"Trekking, berfoto, menikmati alam",-8.2055,115.1654
198,Bukit Pucuk,Alam,Buleleng,"Bukid ang Bukit Pucuk sa Indonesya. Nahimutang ni sa lalawigan sa Provinsi Bali, sa habagatan-kasadpang bahin sa nasod, 900 km sa sidlakan sa Jakarta ang ulohan sa nasod.",4.2,15000,25000,08.00-17.00,"Trekking, berfoto, menikmati alam",-8.1471,115.215
199,Bukit Sidian,Alam,Buleleng,"Bukid ang Bukit Sidian sa Indonesya. Nahimutang ni sa lalawigan sa Provinsi Bali, sa habagatan-kasadpang bahin sa nasod, 900 km sa sidlakan sa Jakarta ang ulohan sa nasod.",4.2,15000,25000,08.00-17.00,"Trekking, berfoto, menikmati alam",-8.1774,115.2027
200,Munduk Tumpeng,Alam,Buleleng,"Bukid ang Munduk Tumpeng sa Indonesya. Nahimutang ni sa lalawigan sa Provinsi Bali, sa habagatan-kasadpang bahin sa nasod, 900 km sa sidlakan sa Jakarta ang ulohan sa nasod.",4.2,15000,25000,08.00-17.00,"Trekking, berfoto, menikmati alam",-8.1097,115.2296
201,Munduk Nangan,Alam,Buleleng,"Bukid ang Munduk Nangan sa Indonesya. Nahimutang ni sa lalawigan sa Provinsi Bali, sa habagatan-kasadpang bahin sa nasod, 900 km sa sidlakan sa Jakarta ang ulohan sa nasod.",4.2,15000,25000,08.00-17.00,"Trekking, berfoto, menikmati alam",-8.1217,115.2306
202,Gunung Tengayang,Alam,Buleleng,"Bukid ang Gunung Tengayang sa Indonesya. Nahimutang ni sa lalawigan sa Provinsi Bali, sa habagatan-kasadpang bahin sa nasod, 900 km sa sidlakan sa Jakarta ang ulohan sa nasod.",4.2,15000,25000,08.00-17.00,"Trekking, berfoto, menikmati alam",-8.1875,115.2115
203,Munduk Pusuh,Alam,Buleleng,"Bungtod ang Munduk Pusuh sa Indonesya. Nahimutang ni sa lalawigan sa Provinsi Bali, sa habagatan-kasadpang bahin sa nasod, 900 km sa sidlakan sa Jakarta ang ulohan sa nasod.",4.2,15000,25000,08.00-17.00,"Trekking, berfoto, menikmati alam",-8.103,115.2388
204,Brahmavihara-Arama,Budaya,Jembrana,Brahmavihara-Arama also known as Vihara Buddha Banjar because of its location in the Banjar District of Buleleng is a buddhist Temple Monastery in the mountains near Lovina in North Bali.Due to its location within Bali—a predominantly Hindu Island in Indonesia—this temple has a lot of Hindu influences in the statues in architecture.,4.6,20000,30000,08.00-17.00,"Wisata budaya, berfoto, wisata sejarah",-8.2108,114.9742
205,Munduk Tunjung,Alam,Buleleng,"Bukid ang Munduk Tunjung sa Indonesya. Nahimutang ni sa lalawigan sa Provinsi Bali, sa habagatan-kasadpang bahin sa nasod, 900 km sa sidlakan sa Jakarta ang ulohan sa nasod.",4.2,15000,25000,08.00-17.00,"Trekking, berfoto, menikmati alam",-8.1225,115.2458
206,Gunung Langlang,Alam,Buleleng,"Bukid ang Gunung Langlang sa Indonesya. Nahimutang ni sa lalawigan sa Provinsi Bali, sa habagatan-kasadpang bahin sa nasod, 900 km sa sidlakan sa Jakarta ang ulohan sa nasod.",4.2,15000,25000,08.00-17.00,"Trekking, berfoto, menikmati alam",-8.2209,115.2043
207,Gunung Mengandang,Alam,Buleleng,"Bukid ang Gunung Mengandang sa Indonesya. Nahimutang ni sa lalawigan sa Provinsi Bali, sa habagatan-kasadpang bahin sa nasod, 900 km sa sidlakan sa Jakarta ang ulohan sa nasod.",4.2,15000,25000,08.00-17.00,"Trekking, berfoto, menikmati alam",-8.2027,115.2204
208,Tajun,Alam,Buleleng,"Tajun är en kulle i Indonesien. Den ligger i provinsen Nusa Tenggara Barat, i den sydvästra delen av landet, 900 km öster om huvudstaden Jakarta.",4.2,15000,25000,08.00-17.00,"Trekking, berfoto, menikmati alam",-8.1308,115.2528
209,Gunung Pengelengan,Alam,Buleleng,"Bukid ang Gunung Pengelengan sa Indonesya. Nahimutang ni sa lalawigan sa Provinsi Bali, sa habagatan-kasadpang bahin sa nasod, 900 km sa sidlakan sa Jakarta ang ulohan sa nasod.",4.2,15000,25000,08.00-17.00,"Trekking, berfoto, menikmati alam",-8.2464,115.1861
210,Gunung Tapak,Alam,Buleleng,"Bukid ang Gunung Tapak sa Indonesya. Nahimutang ni sa lalawigan sa Provinsi Bali, sa habagatan-kasadpang bahin sa nasod, 900 km sa sidlakan sa Jakarta ang ulohan sa nasod.",4.2,15000,25000,08.00-17.00,"Trekking, berfoto, menikmati alam",-8.2705,115.1386
211,Gunung Lesung,Alam,Buleleng,"Gunung Lesung är ett berg i Indonesien. Det ligger i provinsen Provinsi Bali, i den sydvästra delen av landet, 900 km öster om huvudstaden Jakarta.",4.2,15000,25000,08.00-17.00,"Trekking, berfoto, menikmati alam",-8.2801,115.1062
212,Gunung Catur,Alam,Buleleng,"Gunung Catur är ett berg i Indonesien. Det ligger i provinsen Provinsi Bali, i den sydvästra delen av landet, 900 km öster om huvudstaden Jakarta.",4.2,15000,25000,08.00-17.00,"Trekking, berfoto, menikmati alam",-8.2436,115.2011
213,Bali Botanic Garden,Alam,Buleleng,"The Bali Botanic Garden (Indonesian: Kebun Raya Bali) is the largest botanic garden in Indonesia and is located in the mountainous region of Bedugul, central Bali, around 90 minutes drive north of Denpasar. The Garden was established on 15 July 1959 and is situated around 1300 metres above sea level overlooking Bratan Lake and the Ulun Danu Temple on the slopes of Tapak Hill.",4.6,15000,25000,08.00-17.00,"Trekking, berfoto, menikmati alam",-8.2741,115.1538
214,Pura Kehen,Budaya,Gianyar,"Pura Kehen is a Balinese Hindu temple located in Cempaga, Bangli Regency, Bali. The temple is set on the foot of a wooded hill, about 2 kilometres (1.2 mi) north of the town center.",4.6,20000,30000,08.00-17.00,"Wisata budaya, berfoto, wisata sejarah",-8.4419,115.3601
215,Bukit Bangli,Alam,Gianyar,"Bungtod ang Bukit Bangli sa Indonesya. Nahimutang ni sa lalawigan sa Provinsi Bali, sa habagatan-kasadpang bahin sa nasod, 1,000 km sa sidlakan sa Jakarta ang ulohan sa nasod.",4.2,15000,25000,08.00-17.00,"Trekking, berfoto, menikmati alam",-8.4379,115.3623
216,Traditional Village: Penglipuran,Alam,Gianyar,"Penglipuran Village is one of the traditional villages located in Bangli Regency, Bali Province, Indonesia. Penglipuran village is famous as one of the tourist destinations in Bali because of its society who still preserve their traditional culture in their daily lives.",4.2,15000,25000,08.00-17.00,"Trekking, berfoto, menikmati alam",-8.4224,115.3597
217,Bukit Buungan,Alam,Gianyar,"Bungtod ang Bukit Buungan sa Indonesya. Nahimutang ni sa lalawigan sa Provinsi Bali, sa habagatan-kasadpang bahin sa nasod, 1,000 km sa sidlakan sa Jakarta ang ulohan sa nasod.",4.2,15000,25000,08.00-17.00,"Trekking, berfoto, menikmati alam",-8.4157,115.355
218,Bukit Undisan,Alam,Gianyar,"Bukid ang Bukit Undisan sa Indonesya. Nahimutang ni sa lalawigan sa Provinsi Bali, sa habagatan-kasadpang bahin sa nasod, 1,000 km sa sidlakan sa Jakarta ang ulohan sa nasod.",4.2,15000,25000,08.00-17.00,"Trekking, berfoto, menikmati alam",-8.4424,115.3958
219,Bukit Jambul,Alam,Gianyar,"Bukit Jambul är ett berg i Indonesien. Det ligger i provinsen Provinsi Bali, i den sydvästra delen av landet, 1 000 km öster om huvudstaden Jakarta.",4.2,15000,25000,08.00-17.00,"Trekking, berfoto, menikmati alam",-8.4803,115.3976
220,Gunung Kawi,Budaya,Gianyar,"Gunung Kawi is an 11th-century temple and funerary complex in Tampaksiring: 180  north east of Ubud in Bali, Indonesia., that is spread across either side of the Pakerisan river. It comprises 10 rock-cut candi (shrines) that are carved into some 7-metre-high (23 ft) sheltered niches of the sheer cliff face.",4.6,20000,30000,08.00-17.00,"Wisata budaya, berfoto, wisata sejarah",-8.4226,115.3126
221,Bukit Takedan,Alam,Gianyar,"Bukid ang Bukit Takedan sa Indonesya. Nahimutang ni sa lalawigan sa Provinsi Bali, sa habagatan-kasadpang bahin sa nasod, 1,000 km sa sidlakan sa Jakarta ang ulohan sa nasod.",4.2,15000,25000,08.00-17.00,"Trekking, berfoto, menikmati alam",-8.4736,115.4091
222,Tirta Empul Temple,Budaya,Gianyar,"Tirta Empul temple (Indonesian: Pura Tirta Empul) is a Hindu Balinese water temple located near the town of Tampaksiring, Bali, Indonesia. The temple compound consists of a petirtaan or bathing structure, famous for its holy spring water, where Balinese Hindus go to for ritual purification.",4.6,20000,30000,08.00-17.00,"Wisata budaya, berfoto, wisata sejarah",-8.4149,115.316
223,Pura Titra Empul,Budaya,Gianyar,"Tirta Empul temple (Indonesian: Pura Tirta Empul) is a Hindu Balinese water temple located near the town of Tampaksiring, Bali, Indonesia. The temple compound consists of a petirtaan or bathing structure, famous for its holy spring water, where Balinese Hindus go to for ritual purification.",4.6,20000,30000,08.00-17.00,"Wisata budaya, berfoto, wisata sejarah",-8.4144,115.316
224,Bukit Laplapan,Alam,Gianyar,"Bukid ang Bukit Laplapan sa Indonesya. Nahimutang ni sa lalawigan sa Provinsi Bali, sa habagatan-kasadpang bahin sa nasod, 1,000 km sa sidlakan sa Jakarta ang ulohan sa nasod.",4.2,15000,25000,08.00-17.00,"Trekking, berfoto, menikmati alam",-8.4846,115.4183
225,Bukit Cemara,Alam,Gianyar,"Bukit Cemara är ett berg i Indonesien. Det ligger i provinsen Provinsi Bali, i den sydvästra delen av landet, 1 000 km öster om huvudstaden Jakarta.",4.2,15000,25000,08.00-17.00,"Trekking, berfoto, menikmati alam",-8.4756,115.4256
226,Bukit Lumdadah,Alam,Gianyar,"Bukid ang Bukit Lumdadah sa Indonesya. Nahimutang ni sa lalawigan sa Provinsi Bali, sa habagatan-kasadpang bahin sa nasod, 1,000 km sa sidlakan sa Jakarta ang ulohan sa nasod.",4.2,15000,25000,08.00-17.00,"Trekking, berfoto, menikmati alam",-8.465,115.4317
227,Bukit Sangkangunung,Alam,Gianyar,"Bukid ang Bukit Sangkangunung sa Indonesya. Nahimutang ni sa lalawigan sa Provinsi Bali, sa habagatan-kasadpang bahin sa nasod, 1,000 km sa sidlakan sa Jakarta ang ulohan sa nasod.",4.2,15000,25000,08.00-17.00,"Trekking, berfoto, menikmati alam",-8.4717,115.431
228,Munduk Tirta,Alam,Gianyar,"Bungtod ang Munduk Tirta sa Indonesya. Nahimutang ni sa lalawigan sa Provinsi Bali, sa habagatan-kasadpang bahin sa nasod, 1,000 km sa sidlakan sa Jakarta ang ulohan sa nasod.",4.2,15000,25000,08.00-17.00,"Trekking, berfoto, menikmati alam",-8.5338,115.4238
229,Munduk Petemu,Alam,Gianyar,"Bungtod ang Munduk Petemu sa Indonesya. Nahimutang ni sa lalawigan sa Provinsi Bali, sa habagatan-kasadpang bahin sa nasod, 1,000 km sa sidlakan sa Jakarta ang ulohan sa nasod.",4.2,15000,25000,08.00-17.00,"Trekking, berfoto, menikmati alam",-8.5438,115.4291
230,Munduk Penaga,Alam,Gianyar,"Bungtod ang Munduk Penaga sa Indonesya. Nahimutang ni sa lalawigan sa Provinsi Bali, sa habagatan-kasadpang bahin sa nasod, 1,000 km sa sidlakan sa Jakarta ang ulohan sa nasod.",4.2,15000,25000,08.00-17.00,"Trekking, berfoto, menikmati alam",-8.5404,115.4314
231,Munduk Labu,Alam,Gianyar,"Bukid ang Munduk Labu sa Indonesya. Nahimutang ni sa lalawigan sa Provinsi Bali, sa habagatan-kasadpang bahin sa nasod, 1,000 km sa sidlakan sa Jakarta ang ulohan sa nasod.",4.2,15000,25000,08.00-17.00,"Trekking, berfoto, menikmati alam",-8.5211,115.4263
232,Munduk Sari,Alam,Gianyar,"Bukid ang Munduk Sari sa Indonesya. Nahimutang ni sa lalawigan sa Provinsi Bali, sa habagatan-kasadpang bahin sa nasod, 1,000 km sa sidlakan sa Jakarta ang ulohan sa nasod.",4.2,15000,25000,08.00-17.00,"Trekking, berfoto, menikmati alam",-8.5268,115.4308
233,Munduk Buluh,Alam,Gianyar,"Bungtod ang Munduk Buluh sa Indonesya. Nahimutang ni sa lalawigan sa Provinsi Bali, sa habagatan-kasadpang bahin sa nasod, 1,000 km sa sidlakan sa Jakarta ang ulohan sa nasod.",4.2,15000,25000,08.00-17.00,"Trekking, berfoto, menikmati alam",-8.5448,115.4369
234,Munduk Lampah,Alam,Gianyar,"Bungtod ang Munduk Lampah sa Indonesya. Nahimutang ni sa lalawigan sa Provinsi Bali, sa habagatan-kasadpang bahin sa nasod, 1,000 km sa sidlakan sa Jakarta ang ulohan sa nasod.",4.2,15000,25000,08.00-17.00,"Trekking, berfoto, menikmati alam",-8.5406,115.4491
235,Munduk Buanbutit,Alam,Gianyar,"Bukid ang Munduk Buanbutit sa Indonesya. Nahimutang ni sa lalawigan sa Provinsi Bali, sa habagatan-kasadpang bahin sa nasod, 1,000 km sa sidlakan sa Jakarta ang ulohan sa nasod.",4.2,15000,25000,08.00-17.00,"Trekking, berfoto, menikmati alam",-8.5121,115.4418
236,Munduk Lingga,Alam,Gianyar,"Bungtod ang Munduk Lingga sa Indonesya. Nahimutang ni sa lalawigan sa Provinsi Bali, sa habagatan-kasadpang bahin sa nasod, 1,000 km sa sidlakan sa Jakarta ang ulohan sa nasod.",4.2,15000,25000,08.00-17.00,"Trekking, berfoto, menikmati alam",-8.5268,115.451
237,Munduk Talibeng,Alam,Gianyar,"Bukid ang Munduk Talibeng sa Indonesya. Nahimutang ni sa lalawigan sa Provinsi Bali, sa habagatan-kasadpang bahin sa nasod, 1,000 km sa sidlakan sa Jakarta ang ulohan sa nasod.",4.2,15000,25000,08.00-17.00,"Trekking, berfoto, menikmati alam",-8.5058,115.4391
238,Munduk Abah,Alam,Gianyar,"Bukid ang Munduk Abah sa Indonesya. Nahimutang ni sa lalawigan sa Provinsi Bali, sa habagatan-kasadpang bahin sa nasod, 1,000 km sa sidlakan sa Jakarta ang ulohan sa nasod.",4.2,15000,25000,08.00-17.00,"Trekking, berfoto, menikmati alam",-8.5061,115.4537
239,Munduk Munting,Alam,Gianyar,"Bungtod ang Munduk Munting sa Indonesya. Nahimutang ni sa lalawigan sa Provinsi Bali, sa habagatan-kasadpang bahin sa nasod, 1,000 km sa sidlakan sa Jakarta ang ulohan sa nasod.",4.2,15000,25000,08.00-17.00,"Trekking, berfoto, menikmati alam",-8.5394,115.4653
240,Goa Lawah,Alam,Gianyar,Goa Lawah is een heilige grot vol met vleermuizen aan de zuidoostkust van Bali vlak bij Klungkung.Bij de ingang is een tempel. Men denkt dat de grot via de rivier doorloopt naar de Moedertempel Pura Besakih.,4.2,15000,25000,08.00-17.00,"Trekking, berfoto, menikmati alam",-8.5516,115.4689
241,Munduk Gelogor,Alam,Gianyar,"Bukid ang Munduk Gelogor sa Indonesya. Nahimutang ni sa lalawigan sa Provinsi Bali, sa habagatan-kasadpang bahin sa nasod, 1,000 km sa sidlakan sa Jakarta ang ulohan sa nasod.",4.2,15000,25000,08.00-17.00,"Trekking, berfoto, menikmati alam",-8.5304,115.4705
242,Munduk Tengah,Alam,Gianyar,"Bungtod ang Munduk Tengah sa Indonesya. Nahimutang ni sa lalawigan sa Provinsi Bali, sa habagatan-kasadpang bahin sa nasod, 1,000 km sa sidlakan sa Jakarta ang ulohan sa nasod.",4.2,15000,25000,08.00-17.00,"Trekking, berfoto, menikmati alam",-8.5384,115.477
243,Pura Luhur Andakasa,Budaya,Gianyar,"Pura Andakasa inggih punika pura sané magenah ring wewidangan Désa Angantelu, Kecamatan Manggis, Kabupatén Karangasem. Kawéntenan pura punika wantah ring sisi kelod Pulo Baliné.",4.2,20000,30000,08.00-17.00,"Wisata budaya, berfoto, wisata sejarah",-8.5238,115.4759
244,Pura Gede Perancak,Budaya,Jembrana,"Pura Gede Perancak is a prominent Hindu sea temple in Perancak, Bali, Indonesia. This temple commemorates the site of Dang Hyang Nirartha's arrival in Bali in 1546.",4.2,20000,30000,08.00-17.00,"Wisata budaya, berfoto, wisata sejarah",-8.4014,114.611
245,Munduk Pengajaran,Alam,Jembrana,"Bungtod ang Munduk Pengajaran sa Indonesya. Nahimutang ni sa lalawigan sa Provinsi Bali, sa habagatan-kasadpang bahin sa nasod, 900 km sa sidlakan sa Jakarta ang ulohan sa nasod.",4.2,15000,25000,08.00-17.00,"Trekking, berfoto, menikmati alam",-8.293,114.6208
246,Munduk Kendung,Alam,Jembrana,"Bungtod ang Munduk Kendung sa Indonesya. Nahimutang ni sa lalawigan sa Provinsi Bali, sa habagatan-kasadpang bahin sa nasod, 900 km sa sidlakan sa Jakarta ang ulohan sa nasod.",4.2,15000,25000,08.00-17.00,"Trekking, berfoto, menikmati alam",-8.2926,114.6014
247,Gunung Sari,Alam,Jembrana,"Bukid ang Gunung Sari sa Indonesya. Nahimutang ni sa lalawigan sa Provinsi Bali, sa habagatan-kasadpang bahin sa nasod, 900 km sa sidlakan sa Jakarta ang ulohan sa nasod.",4.2,15000,25000,08.00-17.00,"Trekking, berfoto, menikmati alam",-8.2937,114.6511
248,Gegiring Pemelas,Alam,Jembrana,"Bukid ang Gegiring Pemelas sa Indonesya. Nahimutang ni sa lalawigan sa Provinsi Bali, sa habagatan-kasadpang bahin sa nasod, 900 km sa sidlakan sa Jakarta ang ulohan sa nasod.",4.2,15000,25000,08.00-17.00,"Trekking, berfoto, menikmati alam",-8.2841,114.6396
249,Gunung Lalang,Alam,Jembrana,"Bukid ang Gunung Lalang sa Indonesya. Nahimutang ni sa lalawigan sa Provinsi Bali, sa habagatan-kasadpang bahin sa nasod, 900 km sa sidlakan sa Jakarta ang ulohan sa nasod.",4.2,15000,25000,08.00-17.00,"Trekking, berfoto, menikmati alam",-8.2871,114.6514
250,Gegeiring Pandanrangkang,Alam,Jembrana,"Bukid ang Gegeiring Pandanrangkang sa Indonesya. Nahimutang ni sa lalawigan sa Provinsi Bali, sa habagatan-kasadpang bahin sa nasod, 900 km sa sidlakan sa Jakarta ang ulohan sa nasod.",4.2,15000,25000,08.00-17.00,"Trekking, berfoto, menikmati alam",-8.2795,114.6512
251,Gunung Patra,Alam,Jembrana,"Bungtod ang Gunung Patra sa Indonesya. Nahimutang ni sa lalawigan sa Provinsi Bali, sa habagatan-kasadpang bahin sa nasod, 900 km sa sidlakan sa Jakarta ang ulohan sa nasod.",4.2,15000,25000,08.00-17.00,"Trekking, berfoto, menikmati alam",-8.2715,114.6008
252,Gegiring Ijogading,Alam,Jembrana,"Bukid ang Gegiring Ijogading sa Indonesya. Nahimutang ni sa lalawigan sa Provinsi Bali, sa habagatan-kasadpang bahin sa nasod, 900 km sa sidlakan sa Jakarta ang ulohan sa nasod.",4.2,15000,25000,08.00-17.00,"Trekking, berfoto, menikmati alam",-8.2688,114.6314
253,Gunung Pakukajang,Alam,Jembrana,"Bukid ang Gunung Pakukajang sa Indonesya. Nahimutang ni sa lalawigan sa Provinsi Bali, sa habagatan-kasadpang bahin sa nasod, 900 km sa sidlakan sa Jakarta ang ulohan sa nasod.",4.2,15000,25000,08.00-17.00,"Trekking, berfoto, menikmati alam",-8.2603,114.6509
254,Gunung Bangol,Alam,Jembrana,"Bukid ang Gunung Bangol sa Indonesya. Nahimutang ni sa lalawigan sa Provinsi Bali, sa habagatan-kasadpang bahin sa nasod, 900 km sa sidlakan sa Jakarta ang ulohan sa nasod.",4.2,15000,25000,08.00-17.00,"Trekking, berfoto, menikmati alam",-8.2538,114.6501
255,Gunung Ngandang,Alam,Jembrana,"Bukid ang Gunung Ngandang sa Indonesya. Nahimutang ni sa lalawigan sa Provinsi Bali, sa habagatan-kasadpang bahin sa nasod, 900 km sa sidlakan sa Jakarta ang ulohan sa nasod.",4.2,15000,25000,08.00-17.00,"Trekking, berfoto, menikmati alam",-8.25,114.6069
256,Munduk Patepan,Alam,Jembrana,"Bukid ang Munduk Patepan sa Indonesya. Nahimutang ni sa lalawigan sa Provinsi Bali, sa habagatan-kasadpang bahin sa nasod, 900 km sa sidlakan sa Jakarta ang ulohan sa nasod.",4.2,15000,25000,08.00-17.00,"Trekking, berfoto, menikmati alam",-8.286,114.7062
257,Gunung Mese,Alam,Jembrana,"Bukid ang Gunung Mese sa Indonesya. Nahimutang ni sa lalawigan sa Provinsi Bali, sa habagatan-kasadpang bahin sa nasod, 900 km sa sidlakan sa Jakarta ang ulohan sa nasod.",4.2,15000,25000,08.00-17.00,"Trekking, berfoto, menikmati alam",-8.2622,114.6828
258,Mount Merbuk,Alam,Jembrana,"Mount Merbuk is a 1,386-metre-high (4,547 ft) volcano in Bali, Indonesia.List of volcanoes in IndonesiaWhitten, T; Soeriaatmadja, R. E.; Suraya, A.",4.2,15000,25000,08.00-17.00,"Trekking, berfoto, menikmati alam",-8.2261,114.6525
259,Gunung Sangiang,Alam,Jembrana,"Gunung Sangiang är ett berg i Indonesien. Det ligger i provinsen Provinsi Bali, i den sydvästra delen av landet, 900 km öster om huvudstaden Jakarta.",4.2,15000,25000,08.00-17.00,"Trekking, berfoto, menikmati alam",-8.2153,114.602
260,The Lock of Hair Temple,Budaya,Jembrana,Il tempio di Rambut Siwi (Pura Luhur Dhangkahayangan Rambut Siwi) è un tempio induista situato sulla costa occidentale dell'isola indonesiana di Bali. È uno dei templi balinesi del mare (pura segara).,4.6,20000,30000,08.00-17.00,"Wisata budaya, berfoto, wisata sejarah",-8.4031,114.7661
261,Gunung Melaya,Alam,Jembrana,"Bungtod ang Gunung Melaya sa Indonesya. Nahimutang ni sa lalawigan sa Provinsi Bali, sa habagatan-kasadpang bahin sa nasod, 900 km sa sidlakan sa Jakarta ang ulohan sa nasod.",4.2,15000,25000,08.00-17.00,"Trekking, berfoto, menikmati alam",-8.2163,114.5563
262,Gunung Salak,Alam,Jembrana,"Gunung Salak är ett berg i Indonesien. Det ligger i provinsen Provinsi Bali, i den sydvästra delen av landet, 900 km öster om huvudstaden Jakarta.",4.2,15000,25000,08.00-17.00,"Trekking, berfoto, menikmati alam",-8.2801,114.7652
263,Gunung Pemenggal,Alam,Jembrana,"Bukid ang Gunung Pemenggal sa Indonesya. Nahimutang ni sa lalawigan sa Provinsi Bali, sa habagatan-kasadpang bahin sa nasod, 900 km sa sidlakan sa Jakarta ang ulohan sa nasod.",4.2,15000,25000,08.00-17.00,"Trekking, berfoto, menikmati alam",-8.3403,114.7859
264,Munduk Jatukangsa,Alam,Jembrana,"Bungtod ang Munduk Jatukangsa sa Indonesya. Nahimutang ni sa lalawigan sa Provinsi Bali, sa habagatan-kasadpang bahin sa nasod, 900 km sa sidlakan sa Jakarta ang ulohan sa nasod.",4.2,15000,25000,08.00-17.00,"Trekking, berfoto, menikmati alam",-8.2093,114.5498
265,Gunung Nyangkrut,Alam,Jembrana,"Bungtod ang Gunung Nyangkrut sa Indonesya. Nahimutang ni sa lalawigan sa Provinsi Bali, sa habagatan-kasadpang bahin sa nasod, 900 km sa sidlakan sa Jakarta ang ulohan sa nasod.",4.2,15000,25000,08.00-17.00,"Trekking, berfoto, menikmati alam",-8.2234,114.5178
266,Munduk Ningkang,Alam,Jembrana,"Munduk Ningkang är ett berg i Indonesien. Det ligger i provinsen Provinsi Bali, i den sydvästra delen av landet, 900 km öster om huvudstaden Jakarta.",4.2,15000,25000,08.00-17.00,"Trekking, berfoto, menikmati alam",-8.3262,114.7919
267,Gunung Bangkiangjaran,Alam,Jembrana,"Bungtod ang Gunung Bangkiangjaran sa Indonesya. Nahimutang ni sa lalawigan sa Provinsi Bali, sa habagatan-kasadpang bahin sa nasod, 900 km sa sidlakan sa Jakarta ang ulohan sa nasod.",4.2,15000,25000,08.00-17.00,"Trekking, berfoto, menikmati alam",-8.1978,114.5529
268,Gunung Ambyarsari,Alam,Jembrana,"Bungtod ang Gunung Ambyarsari sa Indonesya. Nahimutang ni sa lalawigan sa Provinsi Bali, sa habagatan-kasadpang bahin sa nasod, 900 km sa sidlakan sa Jakarta ang ulohan sa nasod.",4.2,15000,25000,08.00-17.00,"Trekking, berfoto, menikmati alam",-8.2267,114.5037
